tmdb_id,imdb_id,title,release_date,budget,revenue,genres,runtime,original_language,tmdb_vote_average,tmdb_vote_count,imdb_rating,imdb_votes,metascore,letterboxd_rating,letterboxd_rating_count,letterboxd_title,matched_omdb,matched_letterboxd,omdb_response,omdb_error,url_final,http_status
19995,tt0499549,Avatar,2009-12-16,237000000.0,2923706026.0,Science Fiction|Action|Adventure,162,en,7.609,34639,7.9,1486308.0,83.0,3.77,3273189.0,Avatar,True,True,True,,https://letterboxd.com/film/avatar/,200
299534,tt4154796,Avengers: Endgame,2019-04-24,356000000.0,2799439100.0,Adventure|Science Fiction|Action,181,en,8.2,28621,8.4,1485583.0,78.0,4.02,3925761.0,Avengers: Endgame,True,True,True,,https://letterboxd.com/film/avengers-endgame/,200
969681,tt22084616,Spider-Man: Brand New Day,2026-07-29,225000000.0,2412640193.0,Science Fiction|Action|Adventure,145,en,7.844,2614,8.1,183571.0,66.0,4.05,4070022.0,Spider-Man: Brand New Day,True,True,True,,https://letterboxd.com/film/spider-man-brand-new-day/,200
76600,tt1630029,Avatar: The Way of Water,2022-12-14,460000000.0,2334484620.0,Action|Adventure|Science Fiction,192,en,7.585,14606,7.5,601100.0,67.0,3.65,2780531.0,Avatar: The Way of Water,True,True,True,,https://letterboxd.com/film/avatar-the-way-of-water/,200
980477,tt34956443,Ne Zha 2,2025-01-29,80000000.0,2270700370.0,Animation|Action|Fantasy|Adventure,144,zh,8.156,815,7.9,23207.0,68.0,4.13,90465.0,Ne Zha 2,True,True,True,,https://letterboxd.com/film/ne-zha-2/,200
597,tt0120338,Titanic,1997-12-18,200000000.0,2264162353.0,Drama|Romance,194,en,7.9,27714,8.0,1389357.0,75.0,3.84,3460308.0,Titanic,True,True,True,,https://letterboxd.com/film/titanic-1997/,200
140607,tt2488496,Star Wars: The Force Awakens,2015-12-15,245000000.0,2068223624.0,Adventure|Action|Science Fiction,136,en,7.241,20892,7.7,1018738.0,80.0,3.23,1978274.0,Star Wars: The Force Awakens,True,True,True,,https://letterboxd.com/film/star-wars-the-force-awakens/,200
299536,tt4154756,Avengers: Infinity War,2018-04-25,300000000.0,2052415039.0,Adventure|Action|Science Fiction,149,en,8.242,32871,8.4,1368739.0,68.0,4.09,3977456.0,Avengers: Infinity War,True,True,True,,https://letterboxd.com/film/avengers-infinity-war/,200
634649,tt10872600,Spider-Man: No Way Home,2021-12-15,200000000.0,1921426073.0,Action|Adventure|Science Fiction,148,en,7.946,23082,8.1,1017543.0,71.0,3.86,4217410.0,Spider-Man: No Way Home,True,True,True,,https://letterboxd.com/film/spider-man-no-way-home/,200
1084242,tt26443597,Zootopia 2,2025-11-26,150000000.0,1868208796.0,Animation|Adventure|Comedy|Mystery|Family,108,en,7.676,3414,7.3,154081.0,73.0,3.67,1958040.0,Zootopia 2,True,True,True,,https://letterboxd.com/film/zootopia-2/,200
1022789,tt22022452,Inside Out 2,2024-06-11,200000000.0,1698863816.0,Animation|Adventure|Comedy|Family,97,en,7.539,6966,7.5,245290.0,73.0,3.52,2893499.0,Inside Out 2,True,True,True,,https://letterboxd.com/film/inside-out-2-2024/,200
135397,tt0369610,Jurassic World,2015-06-06,150000000.0,1671537444.0,Adventure|Science Fiction|Thriller|Action,124,en,6.703,21895,6.9,723175.0,59.0,3.21,1369565.0,Jurassic World,True,True,True,,https://letterboxd.com/film/jurassic-world/,200
420818,tt6105098,The Lion King,2019-07-12,260000000.0,1662020819.0,Adventure|Drama|Family|Animation,118,en,7.091,10895,6.8,290328.0,55.0,2.92,700611.0,The Lion King,True,True,True,,https://letterboxd.com/film/the-lion-king-2019/,200
1368337,tt33764258,The Odyssey,2026-07-15,250000000.0,1631536965.0,Adventure|Action|Fantasy,173,en,8.007,3623,8.4,477953.0,88.0,4.35,4275531.0,The Odyssey,True,True,True,,https://letterboxd.com/film/the-odyssey-2026/,200
24428,tt0848228,The Avengers,2012-04-25,220000000.0,1518815515.0,Science Fiction|Action|Adventure,143,en,8.075,39678,8.0,1555308.0,69.0,3.77,2994538.0,The Avengers,True,True,True,,https://letterboxd.com/film/the-avengers-2012/,200
168259,tt2820852,Furious 7,2015-04-01,190000000.0,1515400000.0,Action|Crime|Thriller,138,en,7.213,11479,7.1,437204.0,67.0,3.35,510804.0,Furious 7,True,True,True,,https://letterboxd.com/film/furious-7/,200
361743,tt1745960,Top Gun: Maverick,2022-05-21,170000000.0,1488732821.0,Action|Drama,131,en,8.157,11526,8.2,904246.0,78.0,3.98,2394247.0,Top Gun: Maverick,True,True,True,,https://letterboxd.com/film/top-gun-maverick/,200
83533,tt1757678,Avatar: Fire and Ash,2025-12-17,350000000.0,1485999890.0,Science Fiction|Adventure|Fantasy,198,en,7.647,4301,7.2,191187.0,61.0,3.55,1664880.0,Avatar: Fire and Ash,True,True,True,,https://letterboxd.com/film/avatar-fire-and-ash/,200
330457,tt4520988,Frozen II,2019-11-20,150000000.0,1453683476.0,Family|Animation|Adventure|Comedy|Fantasy,103,en,7.225,10463,6.8,216694.0,64.0,3.2,1018897.0,Frozen II,True,True,True,,https://letterboxd.com/film/frozen-2/,200
346698,tt1517268,Barbie,2023-07-19,145000000.0,1447138421.0,Comedy|Adventure|Fantasy,114,en,6.9,11543,6.8,667737.0,80.0,3.67,6109099.0,Barbie,True,True,True,,https://letterboxd.com/film/barbie/,200
99861,tt2395427,Avengers: Age of Ultron,2015-04-22,235000000.0,1405403694.0,Action|Adventure|Science Fiction,141,en,7.277,24997,7.3,998463.0,66.0,3.32,2281130.0,Avengers: Age of Ultron,True,True,True,,https://letterboxd.com/film/avengers-age-of-ultron/,200
502356,tt6718170,The Super Mario Bros. Movie,2023-04-05,100000000.0,1360879735.0,Family|Comedy|Adventure|Fantasy|Animation,93,en,7.594,11117,7.0,302136.0,46.0,3.21,1845805.0,The Super Mario Bros. Movie,True,True,True,,https://letterboxd.com/film/the-super-mario-bros-movie/,200
284054,tt1825683,Black Panther,2018-02-13,200000000.0,1349926083.0,Action|Adventure|Science Fiction,135,en,7.362,23938,7.3,907405.0,88.0,3.72,3072655.0,Black Panther,True,True,True,,https://letterboxd.com/film/black-panther/,200
12445,tt1201607,Harry Potter and the Deathly Hallows: Part 2,2011-07-12,125000000.0,1341511219.0,Adventure|Fantasy,130,en,8.08,22417,8.1,1035967.0,85.0,4.04,2384397.0,Harry Potter and the Deathly Hallows: Part 2,True,True,True,,https://letterboxd.com/film/harry-potter-and-the-deathly-hallows-part-2/,200
533535,tt6263850,Deadpool & Wolverine,2024-07-24,200000000.0,1338073645.0,Action|Comedy|Science Fiction,128,en,7.586,9417,7.5,565006.0,56.0,3.46,3032148.0,Deadpool & Wolverine,True,True,True,,https://letterboxd.com/film/deadpool-wolverine/,200
181808,tt2527336,Star Wars: The Last Jedi,2017-12-13,300000000.0,1334407706.0,Adventure|Action|Science Fiction,152,en,6.737,16659,6.8,714411.0,84.0,2.84,1717329.0,Star Wars: The Last Jedi,True,True,True,,https://letterboxd.com/film/star-wars-the-last-jedi/,200
351286,tt4881806,Jurassic World: Fallen Kingdom,2018-06-06,170000000.0,1310469037.0,Adventure|Science Fiction|Thriller|Action,129,en,6.5,12993,6.2,384056.0,51.0,2.75,852017.0,Jurassic World: Fallen Kingdom,True,True,True,,https://letterboxd.com/film/jurassic-world-fallen-kingdom/,200
109445,tt2294629,Frozen,2013-11-20,150000000.0,1274219009.0,Animation|Family|Adventure|Fantasy,102,en,7.249,17871,7.4,708011.0,75.0,3.54,1952429.0,Frozen,True,True,True,,https://letterboxd.com/film/frozen-2013/,200
321612,tt2771200,Beauty and the Beast,2017-03-16,160000000.0,1266115964.0,Family|Fantasy|Romance,129,en,6.967,16155,7.1,356758.0,65.0,3.27,887501.0,Beauty and the Beast,True,True,True,,https://letterboxd.com/film/beauty-and-the-beast-2017/,200
260513,tt3606756,Incredibles 2,2018-06-14,200000000.0,1243225667.0,Action|Adventure|Animation|Family,118,en,7.453,13928,7.5,366471.0,80.0,3.43,1576927.0,Incredibles 2,True,True,True,,https://letterboxd.com/film/incredibles-2/,200
337339,tt4630562,The Fate of the Furious,2017-04-12,250000000.0,1236000000.0,Action|Crime|Thriller,136,en,6.851,10973,6.6,273831.0,56.0,2.77,389674.0,The Fate of the Furious,True,True,True,,https://letterboxd.com/film/the-fate-of-the-furious/,200
68721,tt1300854,Iron Man 3,2013-04-18,200000000.0,1215577205.0,Action|Adventure|Science Fiction,130,en,6.932,23853,7.1,964747.0,62.0,3.15,1850687.0,Iron Man 3,True,True,True,,https://letterboxd.com/film/iron-man-3/,200
211672,tt2293640,Minions,2015-06-17,74000000.0,1159457503.0,Family|Animation|Adventure|Comedy,91,en,6.424,11298,6.4,281964.0,56.0,3.14,846615.0,Minions,True,True,True,,https://letterboxd.com/film/minions/,200
271110,tt3498820,Captain America: Civil War,2016-04-27,250000000.0,1155046416.0,Adventure|Action|Science Fiction,147,en,7.454,24551,7.8,925892.0,75.0,3.7,2522297.0,Captain America: Civil War,True,True,True,,https://letterboxd.com/film/captain-america-civil-war/,200
297802,tt1477834,Aquaman,2018-12-07,160000000.0,1152028393.0,Action|Adventure|Fantasy,143,en,6.864,15192,6.8,552623.0,55.0,2.79,940459.0,Aquaman,True,True,True,,https://letterboxd.com/film/aquaman-2018/,200
1084244,tt29355505,Toy Story 5,2026-06-17,250000000.0,1136476240.0,Animation|Family|Comedy|Adventure,102,en,8.346,2089,7.4,66908.0,73.0,3.65,1047715.0,Toy Story 5,True,True,True,,https://letterboxd.com/film/toy-story-5/,200
429617,tt6320628,Spider-Man: Far From Home,2019-06-28,160000000.0,1132723226.0,Action|Adventure|Science Fiction,129,en,7.393,17580,7.3,637793.0,69.0,3.42,3027501.0,Spider-Man: Far From Home,True,True,True,,https://letterboxd.com/film/spider-man-far-from-home/,200
299537,tt4154664,Captain Marvel,2019-03-06,152000000.0,1131416446.0,Action|Adventure|Science Fiction,124,en,6.772,17126,6.7,658051.0,64.0,2.63,1836852.0,Captain Marvel,True,True,True,,https://letterboxd.com/film/captain-marvel/,200
38356,tt1399103,Transformers: Dark of the Moon,2011-06-28,195000000.0,1123794079.0,Action|Science Fiction|Adventure,154,en,6.238,9146,6.2,453805.0,42.0,2.88,458085.0,Transformers: Dark of the Moon,True,True,True,,https://letterboxd.com/film/transformers-dark-of-the-moon/,200
122,tt0167260,The Lord of the Rings: The Return of the King,2003-12-17,94000000.0,1118888979.0,Adventure|Fantasy|Action,201,en,8.505,27325,9.0,2161991.0,94.0,4.56,2471942.0,The Lord of the Rings: The Return of the King,True,True,True,,https://letterboxd.com/film/the-lord-of-the-rings-the-return-of-the-king/,200
37724,tt1074638,Skyfall,2012-10-24,200000000.0,1108594176.0,Action|Adventure|Thriller,143,en,7.266,16393,7.8,768360.0,81.0,3.96,1072006.0,Skyfall,True,True,True,,https://letterboxd.com/film/skyfall/,200
91314,tt2109248,Transformers: Age of Extinction,2014-06-25,210000000.0,1105261713.0,Science Fiction|Action|Adventure,165,en,5.973,8934,5.6,347982.0,32.0,2.32,356675.0,Transformers: Age of Extinction,True,True,True,,https://letterboxd.com/film/transformers-age-of-extinction/,200
49026,tt1345836,The Dark Knight Rises,2012-07-17,250000000.0,1081041287.0,Action|Crime|Drama|Thriller,165,en,7.797,24909,8.4,1990749.0,78.0,3.82,2268065.0,The Dark Knight Rises,True,True,True,,https://letterboxd.com/film/the-dark-knight-rises/,200
475557,tt7286456,Joker,2019-10-01,55000000.0,1078958629.0,Crime|Thriller|Drama,122,en,8.116,28287,8.3,1690149.0,59.0,3.85,4893266.0,Joker,True,True,True,,https://letterboxd.com/film/joker-2019/,200
181812,tt2527338,Star Wars: The Rise of Skywalker,2019-12-18,489900000.0,1074144248.0,Adventure|Action|Science Fiction,142,en,6.248,11129,6.3,536918.0,53.0,2.29,1533066.0,Star Wars: The Rise of Skywalker,True,True,True,,https://letterboxd.com/film/star-wars-the-rise-of-skywalker/,200
301528,tt1979376,Toy Story 4,2019-06-19,175000000.0,1073841394.0,Family|Comedy|Animation|Adventure,100,en,7.463,10964,7.6,310352.0,84.0,3.29,1438210.0,Toy Story 4,True,True,True,,https://letterboxd.com/film/toy-story-4/,200
10193,tt0435761,Toy Story 3,2010-06-16,200000000.0,1067316101.0,Animation|Family|Comedy,103,en,7.815,16197,8.3,961588.0,92.0,4.06,1907735.0,Toy Story 3,True,True,True,,https://letterboxd.com/film/toy-story-3/,200
58,tt0383574,Pirates of the Caribbean: Dead Man's Chest,2006-07-06,200000000.0,1066179747.0,Adventure|Fantasy|Action,151,en,7.39,17562,7.4,825206.0,53.0,3.79,1364879.0,Pirates of the Caribbean: Dead Man's Chest,True,True,True,,https://letterboxd.com/film/pirates-of-the-caribbean-dead-mans-chest/,200
1241982,tt13622970,Moana 2,2024-11-21,150000000.0,1059242164.0,Adventure|Animation|Comedy|Family|Fantasy,100,en,6.991,3276,6.3,129899.0,58.0,2.79,759814.0,Moana 2,True,True,True,,https://letterboxd.com/film/moana-2/,200
329,tt0107290,Jurassic Park,1993-06-11,63000000.0,1058454230.0,Adventure|Science Fiction,127,en,8.0,18325,8.2,1167043.0,68.0,4.13,2447501.0,Jurassic Park,True,True,True,,https://letterboxd.com/film/jurassic-park/,200
330459,tt3748528,Rogue One: A Star Wars Story,2016-12-14,200000000.0,1056057273.0,Action|Adventure|Science Fiction,133,en,7.51,16738,7.8,748381.0,65.0,3.84,1718389.0,Rogue One: A Star Wars Story,True,True,True,,https://letterboxd.com/film/rogue-one-a-star-wars-story/,200
420817,tt6139732,Aladdin,2019-05-22,183000000.0,1054304000.0,Adventure|Fantasy|Romance|Family,127,en,7.078,10801,6.9,312476.0,53.0,3.11,783027.0,Aladdin,True,True,True,,https://letterboxd.com/film/aladdin-2019/,200
1865,tt1298650,Pirates of the Caribbean: On Stranger Tides,2011-05-15,379000000.0,1046721266.0,Adventure|Action|Fantasy,136,en,6.574,15230,6.6,606603.0,45.0,3.0,778524.0,Pirates of the Caribbean: On Stranger Tides,True,True,True,,https://letterboxd.com/film/pirates-of-the-caribbean-on-stranger-tides/,200
1893,tt0120915,Star Wars: Episode I - The Phantom Menace,1999-05-19,115000000.0,1046515409.0,Adventure|Action|Science Fiction,136,en,6.583,16193,6.5,917424.0,51.0,3.17,2109814.0,Star Wars: Episode I – The Phantom Menace,True,True,True,,https://letterboxd.com/film/star-wars-episode-i-the-phantom-menace/,200
552524,tt11655566,Lilo & Stitch,2025-05-17,100000000.0,1038027526.0,Family|Science Fiction|Comedy,108,en,7.2,2276,6.7,93833.0,53.0,3.02,623818.0,Lilo & Stitch,True,True,True,,https://letterboxd.com/film/lilo-stitch-2025/,200
324852,tt3469046,Despicable Me 3,2017-06-15,80000000.0,1034800131.0,Action|Animation|Comedy|Family|Adventure,90,en,6.469,7779,6.3,178392.0,49.0,2.72,601697.0,Despicable Me 3,True,True,True,,https://letterboxd.com/film/despicable-me-3/,200
936075,tt11378946,Michael,2026-04-22,250000000.0,1032616139.0,Music|Drama,128,en,8.644,4309,7.5,144205.0,39.0,3.61,1830994.0,Michael,True,True,True,,https://letterboxd.com/film/michael-2026/,200
671,tt0241527,Harry Potter and the Philosopher's Stone,2001-11-16,125000000.0,1029374615.0,Adventure|Fantasy,152,en,7.903,30194,7.7,944457.0,65.0,3.84,3296165.0,Harry Potter and the Philosopher's Stone,True,True,True,,https://letterboxd.com/film/harry-potter-and-the-philosophers-stone/,200
127380,tt2277860,Finding Dory,2016-06-16,200000000.0,1029266989.0,Adventure|Animation|Family,97,en,7.044,12840,7.2,331036.0,77.0,3.28,1170164.0,Finding Dory,True,True,True,,https://letterboxd.com/film/finding-dory/,200
269149,tt2948356,Zootopia,2016-02-11,150000000.0,1025521689.0,Animation|Adventure|Family|Comedy,109,en,7.765,18509,8.0,643171.0,78.0,3.78,2232726.0,Zootopia,True,True,True,,https://letterboxd.com/film/zootopia/,200
12155,tt1014759,Alice in Wonderland,2010-03-03,200000000.0,1025467110.0,Family|Fantasy|Adventure,108,en,6.6,15042,6.4,464214.0,53.0,3.38,1509156.0,Alice in Wonderland,True,True,True,,https://letterboxd.com/film/alice-in-wonderland-2010/,200
49051,tt0903624,The Hobbit: An Unexpected Journey,2012-12-12,250000000.0,1021103568.0,Adventure|Fantasy|Action,169,en,7.381,20047,7.8,926871.0,58.0,3.62,1173586.0,The Hobbit: An Unexpected Journey,True,True,True,,https://letterboxd.com/film/the-hobbit-an-unexpected-journey/,200
1226863,tt28650488,The Super Mario Galaxy Movie,2026-04-01,110000000.0,1012203331.0,Family|Comedy|Adventure|Fantasy|Animation,98,en,8.228,3656,6.3,74116.0,37.0,2.89,795270.0,The Super Mario Galaxy Movie,True,True,True,,https://letterboxd.com/film/the-super-mario-galaxy-movie/,200
155,tt0468569,The Dark Knight,2008-07-16,185000000.0,1004558444.0,Action|Thriller,152,en,8.535,36671,9.1,3161907.0,85.0,4.5,4820612.0,The Dark Knight,True,True,True,,https://letterboxd.com/film/the-dark-knight/,200
507086,tt8041270,Jurassic World Dominion,2022-06-01,658800000.0,1004004592.0,Adventure|Science Fiction|Thriller|Action,147,en,6.593,7269,5.6,245361.0,38.0,2.32,686186.0,Jurassic World Dominion,True,True,True,,https://letterboxd.com/film/jurassic-world-dominion/,200
353486,tt2283362,Jumanji: Welcome to the Jungle,2017-12-20,90000000.0,995339117.0,Adventure|Comedy|Fantasy,119,en,6.824,14751,6.9,501548.0,58.0,3.16,1308526.0,Jumanji: Welcome to the Jungle,True,True,True,,https://letterboxd.com/film/jumanji-welcome-to-the-jungle/,200
519182,tt7510222,Despicable Me 4,2024-06-20,100000000.0,972021410.0,Animation|Comedy|Action|Science Fiction|Family,94,en,6.967,3356,6.2,76384.0,52.0,2.76,689927.0,Despicable Me 4,True,True,True,,https://letterboxd.com/film/despicable-me-4/,200
93456,tt1690953,Despicable Me 2,2013-06-26,76000000.0,970766005.0,Animation|Comedy|Family|Science Fiction,98,en,6.9,12220,7.3,456712.0,62.0,3.35,923039.0,Despicable Me 2,True,True,True,,https://letterboxd.com/film/despicable-me-2/,200
278927,tt3040964,The Jungle Book,2016-04-07,175000000.0,966550600.0,Adventure|Family|Fantasy,106,en,6.879,8628,7.3,304379.0,77.0,3.2,454091.0,The Jungle Book,True,True,True,,https://letterboxd.com/film/the-jungle-book-2016/,200
862,tt0114709,Toy Story,1995-11-22,30000000.0,962301978.0,Family|Comedy|Animation|Adventure,81,en,7.988,20497,8.3,1163069.0,96.0,4.11,2739263.0,Toy Story,True,True,True,,https://letterboxd.com/film/toy-story/,200
285,tt0449088,Pirates of the Caribbean: At World's End,2007-05-19,300000000.0,961691209.0,Adventure|Fantasy|Action,169,en,7.277,15805,7.2,743246.0,50.0,3.64,1090946.0,Pirates of the Caribbean: At World's End,True,True,True,,https://letterboxd.com/film/pirates-of-the-caribbean-at-worlds-end/,200
950387,tt3566834,A Minecraft Movie,2025-03-31,150000000.0,960387780.0,Family|Fantasy|Comedy|Adventure,101,en,6.222,3278,5.6,153774.0,45.0,2.43,1621040.0,A Minecraft Movie,True,True,True,,https://letterboxd.com/film/a-minecraft-movie/,200
57158,tt1170358,The Hobbit: The Desolation of Smaug,2013-12-11,250000000.0,958400000.0,Fantasy|Adventure|Action,161,en,7.58,14554,7.8,752978.0,66.0,3.55,980145.0,The Hobbit: The Desolation of Smaug,True,True,True,,https://letterboxd.com/film/the-hobbit-the-desolation-of-smaug/,200
122917,tt2310332,The Hobbit: The Battle of the Five Armies,2014-12-10,250000000.0,956019788.0,Action|Adventure|Fantasy,144,en,7.337,15731,7.4,617163.0,59.0,3.39,919291.0,The Hobbit: The Battle of the Five Armies,True,True,True,,https://letterboxd.com/film/the-hobbit-the-battle-of-the-five-armies/,200
453395,tt9419884,Doctor Strange in the Multiverse of Madness,2022-05-04,295400000.0,955775804.0,Fantasy|Action|Adventure,126,en,7.224,10798,6.9,543288.0,60.0,2.97,2296099.0,Doctor Strange in the Multiverse of Madness,True,True,True,,https://letterboxd.com/film/doctor-strange-in-the-multiverse-of-madness/,200
12444,tt0926084,Harry Potter and the Deathly Hallows: Part 1,2010-11-17,250000000.0,954305868.0,Adventure|Fantasy,146,en,7.733,20774,7.7,659115.0,65.0,3.75,2201847.0,Harry Potter and the Deathly Hallows: Part 1,True,True,True,,https://letterboxd.com/film/harry-potter-and-the-deathly-hallows-part-1/,200
872585,tt15398776,Oppenheimer,2023-07-19,100000000.0,952000000.0,Drama|History,181,en,8.022,12454,8.2,1024033.0,90.0,4.16,4609462.0,Oppenheimer,True,True,True,,https://letterboxd.com/film/oppenheimer-2023/,200
12,tt0266543,Finding Nemo,2003-05-30,94000000.0,940335536.0,Animation|Family|Adventure,100,en,7.821,20957,8.2,1196544.0,90.0,4.02,2593849.0,Finding Nemo,True,True,True,,https://letterboxd.com/film/finding-nemo/,200
438148,tt5113044,Minions: The Rise of Gru,2022-06-29,85000000.0,940203765.0,Animation|Comedy|Science Fiction|Crime|Family,87,en,7.261,4170,6.5,102656.0,56.0,3.15,698443.0,Minions: The Rise of Gru,True,True,True,,https://letterboxd.com/film/minions-the-rise-of-gru/,200
675,tt0373889,Harry Potter and the Order of the Phoenix,2007-07-08,150000000.0,938212738.0,Adventure|Fantasy,138,en,7.673,21202,7.5,693356.0,71.0,3.72,2372231.0,Harry Potter and the Order of the Phoenix,True,True,True,,https://letterboxd.com/film/harry-potter-and-the-order-of-the-phoenix/,200
767,tt0417741,Harry Potter and the Half-Blood Prince,2009-07-15,250000000.0,933959197.0,Adventure|Fantasy,153,en,7.682,21173,7.6,653701.0,78.0,3.75,2247092.0,Harry Potter and the Half-Blood Prince,True,True,True,,https://letterboxd.com/film/harry-potter-and-the-half-blood-prince/,200
809,tt0298148,Shrek 2,2004-05-19,150000000.0,932542741.0,Animation|Comedy|Family|Fantasy|Romance,92,en,7.329,13753,7.4,550541.0,75.0,4.12,2199566.0,Shrek 2,True,True,True,,https://letterboxd.com/film/shrek-2/,200
121,tt0167261,The Lord of the Rings: The Two Towers,2002-12-18,79000000.0,926287400.0,Adventure|Fantasy|Action,179,en,8.4,24548,8.8,1954618.0,87.0,4.44,2419607.0,The Lord of the Rings: The Two Towers,True,True,True,,https://letterboxd.com/film/the-lord-of-the-rings-the-two-towers/,200
424694,tt1727824,Bohemian Rhapsody,2018-10-24,52000000.0,910813521.0,Music|Drama,135,en,7.95,18033,7.9,638785.0,49.0,3.54,1948995.0,Bohemian Rhapsody,True,True,True,,https://letterboxd.com/film/bohemian-rhapsody/,200
779029,tt13462900,The Battle at Lake Changjin,2021-09-30,200000000.0,902540935.0,Drama|War,178,zh,6.32,158,5.5,4690.0,,2.93,4843.0,The Battle at Lake Changjin,True,True,True,,https://letterboxd.com/film/the-battle-at-lake-changjin/,200
674,tt0330373,Harry Potter and the Goblet of Fire,2005-11-16,150000000.0,895921036.0,Adventure|Fantasy,157,en,7.802,22607,7.7,746138.0,81.0,3.9,2679792.0,Harry Potter and the Goblet of Fire,True,True,True,,https://letterboxd.com/film/harry-potter-and-the-goblet-of-fire/,200
559,tt0413300,Spider-Man 3,2007-05-01,258000000.0,894983373.0,Action|Adventure|Science Fiction,139,en,6.481,15748,6.3,692051.0,59.0,3.26,1923804.0,Spider-Man 3,True,True,True,,https://letterboxd.com/film/spider-man-3/,200
8355,tt1080016,Ice Age: Dawn of the Dinosaurs,2009-06-26,90000000.0,886686817.0,Animation|Comedy|Family|Adventure,94,en,6.777,9056,6.9,283955.0,50.0,3.31,521413.0,Ice Age: Dawn of the Dinosaurs,True,True,True,,https://letterboxd.com/film/ice-age-dawn-of-the-dinosaurs/,200
315635,tt2250912,Spider-Man: Homecoming,2017-07-05,175000000.0,880978185.0,Action|Adventure|Science Fiction,133,en,7.333,23877,7.4,836416.0,73.0,3.51,3379584.0,Spider-Man: Homecoming,True,True,True,,https://letterboxd.com/film/spider-man-homecoming/,200
206647,tt2379713,Spectre,2015-10-26,245000000.0,880707597.0,Action|Adventure|Thriller,148,en,6.571,11470,6.8,493010.0,60.0,3.27,675175.0,Spectre,True,True,True,,https://letterboxd.com/film/spectre-2015/,200
57800,tt1667889,Ice Age: Continental Drift,2012-06-27,95000000.0,877244782.0,Animation|Comedy|Adventure|Family,88,en,6.394,8261,6.5,240893.0,49.0,2.89,396364.0,Ice Age: Continental Drift,True,True,True,,https://letterboxd.com/film/ice-age-continental-drift/,200
672,tt0295297,Harry Potter and the Chamber of Secrets,2002-11-13,100000000.0,876688482.0,Adventure|Fantasy,161,en,7.707,24041,7.5,759564.0,63.0,3.65,2666505.0,Harry Potter and the Chamber of Secrets,True,True,True,,https://letterboxd.com/film/harry-potter-and-the-chamber-of-secrets/,200
328111,tt2709768,The Secret Life of Pets,2016-06-18,75000000.0,875457937.0,Animation|Comedy|Family|Adventure,86,en,6.326,8659,6.5,233985.0,61.0,2.9,510376.0,The Secret Life of Pets,True,True,True,,https://letterboxd.com/film/the-secret-life-of-pets/,200
209112,tt2975590,Batman v Superman: Dawn of Justice,2016-03-23,250000000.0,874362803.0,Action|Adventure|Fantasy,152,en,6.011,19334,6.4,790738.0,44.0,2.5,1019638.0,Batman v Superman: Dawn of Justice,True,True,True,,https://letterboxd.com/film/batman-v-superman-dawn-of-justice/,200
120,tt0120737,The Lord of the Rings: The Fellowship of the Ring,2001-12-18,93000000.0,871368364.0,Adventure|Fantasy|Action,179,en,8.445,28326,8.9,2203785.0,92.0,4.39,3247919.0,The Lord of the Rings: The Fellowship of the Ring,True,True,True,,https://letterboxd.com/film/the-lord-of-the-rings-the-fellowship-of-the-ring/,200
452557,tt7131870,Wolf Warrior 2,2017-07-27,30100000.0,870325439.0,War|Action,124,zh,6.481,346,5.9,9482.0,44.0,2.74,5629.0,Wolf Warrior 2,True,True,True,,https://letterboxd.com/film/wolf-warrior-2/,200
1234821,tt31036941,Jurassic World Rebirth,2025-06-23,180000000.0,869146189.0,Science Fiction|Adventure|Action,134,en,6.257,3749,5.8,194010.0,50.0,2.61,1179676.0,Jurassic World Rebirth,True,True,True,,https://letterboxd.com/film/jurassic-world-rebirth/,200
101299,tt1951264,The Hunger Games: Catching Fire,2013-11-15,130000000.0,865011746.0,Adventure|Action|Science Fiction,146,en,7.424,18757,7.5,768630.0,76.0,3.97,2473730.0,The Hunger Games: Catching Fire,True,True,True,,https://letterboxd.com/film/the-hunger-games-catching-fire/,200
283995,tt3896198,Guardians of the Galaxy Vol. 2,2017-04-25,200000000.0,863756051.0,Science Fiction|Adventure|Action,137,en,7.61,23418,7.6,828114.0,67.0,3.62,2395335.0,Guardians of the Galaxy Vol. 2,True,True,True,,https://letterboxd.com/film/guardians-of-the-galaxy-vol-2/,200
505642,tt9114286,Black Panther: Wakanda Forever,2022-11-09,250000000.0,859102154.0,Action|Adventure|Science Fiction,162,en,6.993,7759,6.6,368850.0,67.0,3.27,1400141.0,Black Panther: Wakanda Forever,True,True,True,,https://letterboxd.com/film/black-panther-wakanda-forever/,200
150540,tt2096673,Inside Out,2015-06-17,175000000.0,857611174.0,Animation|Family|Adventure|Drama|Comedy,95,en,7.906,23870,8.1,905131.0,94.0,3.82,3427786.0,Inside Out,True,True,True,,https://letterboxd.com/film/inside-out-2015/,200
335983,tt1270797,Venom,2018-09-28,116000000.0,856085151.0,Science Fiction|Action,112,en,6.824,17570,6.6,601600.0,35.0,3.01,1523609.0,Venom,True,True,True,,https://letterboxd.com/film/venom-2018/,200
284053,tt3501632,Thor: Ragnarok,2017-10-02,180000000.0,855301806.0,Action|Science Fiction|Comedy|Adventure,131,en,7.58,22461,7.9,892533.0,74.0,3.71,2554991.0,Thor: Ragnarok,True,True,True,,https://letterboxd.com/film/thor-ragnarok/,200
1895,tt0121766,Star Wars: Episode III - Revenge of the Sith,2005-05-17,113000000.0,850000000.0,Adventure|Action|Science Fiction,140,en,7.474,15279,7.7,912634.0,68.0,4.12,2456669.0,Star Wars: Episode III – Revenge of the Sith,True,True,True,,https://letterboxd.com/film/star-wars-episode-iii-revenge-of-the-sith/,200
447365,tt6791350,Guardians of the Galaxy Vol. 3,2023-05-03,250000000.0,845550000.0,Science Fiction|Adventure|Action,150,en,7.932,8794,7.9,470167.0,64.0,3.99,2363317.0,Guardians of the Galaxy Vol. 3,True,True,True,,https://letterboxd.com/film/guardians-of-the-galaxy-vol-3/,200
27205,tt1375666,Inception,2010-07-15,160000000.0,839030630.0,Action|Science Fiction|Adventure,148,en,8.4,40157,8.8,2811614.0,74.0,4.24,4440159.0,Inception,True,True,True,,https://letterboxd.com/film/inception/,200
8373,tt1055369,Transformers: Revenge of the Fallen,2009-06-19,200000000.0,836304167.0,Science Fiction|Action|Adventure,150,en,6.226,9389,6.0,451650.0,35.0,2.77,509329.0,Transformers: Revenge of the Fallen,True,True,True,,https://letterboxd.com/film/transformers-revenge-of-the-fallen/,200
50620,tt1673434,The Twilight Saga: Breaking Dawn - Part 2,2012-11-13,120000000.0,829747654.0,Fantasy|Drama|Romance,115,en,6.451,9492,5.6,279805.0,52.0,3.01,939841.0,The Twilight Saga: Breaking Dawn – Part 2,True,True,True,,https://letterboxd.com/film/the-twilight-saga-breaking-dawn-part-2/,200
353081,tt4912910,Mission: Impossible - Fallout,2018-07-25,178000000.0,824171374.0,Action|Adventure,147,en,7.451,9364,7.7,419025.0,87.0,4.01,779596.0,Mission: Impossible – Fallout,True,True,True,,https://letterboxd.com/film/mission-impossible-fallout/,200
297762,tt0451279,Wonder Woman,2017-05-30,149000000.0,823970682.0,Action|Adventure|Fantasy,141,en,7.203,21188,7.3,732467.0,76.0,3.19,1210235.0,Wonder Woman,True,True,True,,https://letterboxd.com/film/wonder-woman-2017/,200
758891,tt13364790,"Hi, Mom",2021-02-12,59000000.0,822049668.0,Drama|Comedy|Fantasy,128,zh,7.0,177,6.9,3655.0,,3.51,4968.0,"Hi, Mom",True,True,True,,https://letterboxd.com/film/hi-mom-2021/,200
557,tt0145487,Spider-Man,2002-05-01,139000000.0,821708551.0,Action|Science Fiction,121,en,7.354,21394,7.4,958249.0,73.0,3.88,2932966.0,Spider-Man,True,True,True,,https://letterboxd.com/film/spider-man/,200
602,tt0116629,Independence Day,1996-07-02,75000000.0,817400891.0,Action|Adventure|Science Fiction,145,en,6.9,10718,7.0,642170.0,59.0,3.36,496536.0,Independence Day,True,True,True,,https://letterboxd.com/film/independence-day/,200
354912,tt2380307,Coco,2017-10-27,175000000.0,814641172.0,Family|Animation|Music|Adventure,105,en,8.197,21383,8.4,704092.0,81.0,4.13,3286130.0,Coco,True,True,True,,https://letterboxd.com/film/coco-2017/,200
259316,tt3183660,Fantastic Beasts and Where to Find Them,2016-11-16,180000000.0,809342332.0,Fantasy|Adventure,133,en,7.309,19968,7.2,537711.0,66.0,3.21,1191467.0,Fantastic Beasts and Where to Find Them,True,True,True,,https://letterboxd.com/film/fantastic-beasts-and-where-to-find-them/,200
810,tt0413267,Shrek the Third,2007-05-17,160000000.0,808310187.0,Fantasy|Adventure|Animation|Comedy|Family,93,en,6.314,9982,6.1,357973.0,58.0,3.0,975165.0,Shrek the Third,True,True,True,,https://letterboxd.com/film/shrek-the-third/,200
512200,tt7975244,Jumanji: The Next Level,2019-12-04,125000000.0,801693929.0,Adventure|Comedy|Fantasy,123,en,6.87,9588,6.6,316072.0,58.0,2.89,699690.0,Jumanji: The Next Level,True,True,True,,https://letterboxd.com/film/jumanji-the-next-level/,200
601,tt0083866,E.T. the Extra-Terrestrial,1982-06-11,10500000.0,797307407.0,Adventure|Science Fiction|Family,115,en,7.517,12249,7.9,468998.0,92.0,3.85,1380930.0,E.T. the Extra-Terrestrial,True,True,True,,https://letterboxd.com/film/et-the-extra-terrestrial/,200
166426,tt1790809,Pirates of the Caribbean: Dead Men Tell No Tales,2017-05-23,230000000.0,795922298.0,Adventure|Action|Fantasy,129,en,6.665,13047,6.5,381325.0,39.0,2.81,705226.0,Pirates of the Caribbean: Dead Men Tell No Tales,True,True,True,,https://letterboxd.com/film/pirates-of-the-caribbean-dead-men-tell-no-tales/,200
14161,tt1190080,2012,2009-10-10,200000000.0,791217826.0,Action|Adventure|Science Fiction,158,en,5.896,13012,5.9,419441.0,49.0,2.62,500114.0,2012,True,True,True,,https://letterboxd.com/film/2012/,200
673,tt0304141,Harry Potter and the Prisoner of Azkaban,2004-05-31,130000000.0,789804554.0,Adventure|Fantasy,141,en,8.011,23614,7.9,761199.0,82.0,4.15,3289174.0,Harry Potter and the Prisoner of Azkaban,True,True,True,,https://letterboxd.com/film/harry-potter-and-the-prisoner-of-azkaban/,200
558,tt0316654,Spider-Man 2,2004-06-25,200000000.0,788976453.0,Action|Adventure|Science Fiction,127,en,7.33,16885,7.5,777496.0,83.0,3.94,2599551.0,Spider-Man 2,True,True,True,,https://letterboxd.com/film/spider-man-2/,200
82992,tt1905041,Fast & Furious 6,2013-05-21,160000000.0,788700000.0,Action|Thriller|Crime,130,en,6.816,11350,7.0,438036.0,61.0,3.13,455023.0,Fast & Furious 6,True,True,True,,https://letterboxd.com/film/fast-furious-6/,200
217,tt0367882,Indiana Jones and the Kingdom of the Crystal Skull,2008-05-21,185000000.0,786636033.0,Adventure|Action,122,en,6.024,9234,6.2,511928.0,65.0,2.82,612042.0,Indiana Jones and the Kingdom of the Crystal Skull,True,True,True,,https://letterboxd.com/film/indiana-jones-and-the-kingdom-of-the-crystal-skull/,200
383498,tt5463162,Deadpool 2,2018-05-15,110000000.0,785896632.0,Action|Comedy|Adventure,120,en,7.488,19635,7.6,742720.0,66.0,3.49,1906122.0,Deadpool 2,True,True,True,,https://letterboxd.com/film/deadpool-2/,200
293660,tt1431045,Deadpool,2016-02-09,58000000.0,782837347.0,Action|Adventure|Comedy,108,en,7.626,33270,8.0,1250978.0,65.0,3.71,2964214.0,Deadpool,True,True,True,,https://letterboxd.com/film/deadpool/,200
11,tt0076759,Star Wars,1977-05-25,11000000.0,775398007.0,Adventure|Action|Science Fiction,121,en,8.208,22842,8.6,1555851.0,90.0,4.16,2829832.0,Star Wars,True,True,True,,https://letterboxd.com/film/star-wars/,200
370172,tt2382320,No Time to Die,2021-09-29,250000000.0,774153024.0,Action|Thriller|Adventure,163,en,7.338,7365,7.3,481524.0,68.0,3.56,910761.0,No Time to Die,True,True,True,,https://letterboxd.com/film/no-time-to-die-2021/,200
118340,tt2015381,Guardians of the Galaxy,2014-07-30,170000000.0,772776600.0,Action|Science Fiction|Adventure,121,en,7.907,30280,8.0,1362435.0,76.0,3.86,3348607.0,Guardians of the Galaxy,True,True,True,,https://letterboxd.com/film/guardians-of-the-galaxy/,200
414906,tt1877830,The Batman,2022-03-01,185000000.0,772775278.0,Crime|Mystery|Thriller,177,en,7.7,12484,7.8,923764.0,72.0,4.05,4271770.0,The Batman,True,True,True,,https://letterboxd.com/film/the-batman/,200
402431,tt1262426,Wicked,2024-10-16,150000000.0,763963597.0,Drama|Romance|Fantasy,162,en,6.904,3232,7.4,191746.0,73.0,3.74,2872537.0,Wicked,True,True,True,,https://letterboxd.com/film/wicked-2024/,200
8587,tt0110357,The Lion King,1994-06-15,45000000.0,763455561.0,Animation|Family|Drama,89,en,8.251,20124,8.5,1248136.0,88.0,4.23,2252727.0,The Lion King,True,True,True,,https://letterboxd.com/film/the-lion-king/,200
616037,tt10648342,Thor: Love and Thunder,2022-07-06,250000000.0,760928081.0,Fantasy|Action|Comedy,119,en,6.36,8929,6.1,459337.0,57.0,2.32,1727050.0,Thor: Love and Thunder,True,True,True,,https://letterboxd.com/film/thor-love-and-thunder/,200
384018,tt6806448,Fast & Furious Presents: Hobbs & Shaw,2019-07-31,200000000.0,760098996.0,Action|Adventure|Comedy,137,en,6.822,7916,6.4,255155.0,60.0,2.73,371826.0,Fast & Furious Presents: Hobbs & Shaw,True,True,True,,https://letterboxd.com/film/fast-furious-presents-hobbs-shaw/,200
591,tt0382625,The Da Vinci Code,2006-05-17,125000000.0,760006945.0,Thriller|Mystery,149,en,6.735,10301,6.6,480857.0,46.0,3.24,528457.0,The Da Vinci Code,True,True,True,,https://letterboxd.com/film/the-da-vinci-code/,200
1930,tt0948470,The Amazing Spider-Man,2012-06-23,215000000.0,758725893.0,Action|Adventure|Science Fiction,136,en,6.761,19077,6.9,763493.0,66.0,3.59,2344614.0,The Amazing Spider-Man,True,True,True,,https://letterboxd.com/film/the-amazing-spider-man/,200
102651,tt1587310,Maleficent,2014-05-28,180000000.0,758539785.0,Fantasy|Adventure|Action|Family|Romance,97,en,7.09,13929,6.9,420347.0,56.0,3.38,931091.0,Maleficent,True,True,True,,https://letterboxd.com/film/maleficent/,200
131631,tt1951265,The Hunger Games: Mockingjay - Part 1,2014-11-19,125000000.0,755356711.0,Science Fiction|Adventure|Thriller,123,en,6.815,16990,6.6,541925.0,64.0,3.41,1843029.0,The Hunger Games: Mockingjay – Part 1,True,True,True,,https://letterboxd.com/film/the-hunger-games-mockingjay-part-1/,200
10192,tt0892791,Shrek Forever After,2010-05-16,165000000.0,752600867.0,Comedy|Adventure|Fantasy|Animation|Family,93,en,6.413,8119,6.3,243636.0,58.0,3.03,732006.0,Shrek Forever After,True,True,True,,https://letterboxd.com/film/shrek-forever-after/,200
297761,tt1386697,Suicide Squad,2016-08-03,175000000.0,749200054.0,Action|Adventure|Fantasy,122,en,5.917,22402,5.9,758745.0,40.0,2.32,1763551.0,Suicide Squad,True,True,True,,https://letterboxd.com/film/suicide-squad-2016/,200
127585,tt1877832,X-Men: Days of Future Past,2014-05-15,250000000.0,748045700.0,Action|Adventure|Science Fiction,132,en,7.535,16636,7.9,786991.0,75.0,3.72,1122463.0,X-Men: Days of Future Past,True,True,True,,https://letterboxd.com/film/x-men-days-of-future-past/,200
80321,tt1277953,Madagascar 3: Europe's Most Wanted,2012-06-06,145000000.0,746921274.0,Animation|Family|Comedy|Adventure,93,en,6.648,6715,6.8,215044.0,60.0,3.19,487823.0,Madagascar 3: Europe's Most Wanted,True,True,True,,https://letterboxd.com/film/madagascar-3-europes-most-wanted/,200
157336,tt0816692,Interstellar,2014-11-05,165000000.0,746606706.0,Adventure|Drama|Science Fiction,169,en,8.487,41121,8.7,2516752.0,74.0,4.46,6391671.0,Interstellar,True,True,True,,https://letterboxd.com/film/interstellar/,200
411,tt0363771,"The Chronicles of Narnia: The Lion, the Witch and the Wardrobe",2005-12-07,180000000.0,745013115.0,Adventure|Family|Fantasy,143,en,7.143,11758,6.9,450246.0,75.0,3.67,1129388.0,"The Chronicles of Narnia: The Lion, the Witch and the Wardrobe",True,True,True,,https://letterboxd.com/film/the-chronicles-of-narnia-the-lion-the-witch-and-the-wardrobe/,200
62211,tt1453405,Monsters University,2013-06-19,200000000.0,743559465.0,Animation|Family|Comedy|Fantasy,104,en,7.057,11530,7.2,421121.0,65.0,3.54,1223198.0,Monsters University,True,True,True,,https://letterboxd.com/film/monsters-university/,200
615453,tt10627720,Ne Zha,2019-07-26,22000000.0,742718496.0,Animation|Fantasy|Adventure,110,zh,7.902,953,7.3,21890.0,56.0,3.57,90786.0,Ne Zha,True,True,True,,https://letterboxd.com/film/ne-zha/,200
604,tt0234215,The Matrix Reloaded,2003-05-15,150000000.0,738599701.0,Adventure|Action|Thriller|Science Fiction,138,en,7.085,12292,7.2,666077.0,62.0,3.45,743942.0,The Matrix Reloaded,True,True,True,,https://letterboxd.com/film/the-matrix-reloaded/,200
14160,tt1049413,Up,2009-05-28,175000000.0,735103954.0,Animation|Comedy|Family|Adventure,96,en,7.96,22104,8.3,1225827.0,88.0,4.1,3284687.0,Up,True,True,True,,https://letterboxd.com/film/up/,200
1311031,tt32820897,Demon Slayer: Kimetsu no Yaiba Infinity Castle,2025-07-18,20000000.0,733030221.0,Animation|Action|Fantasy,156,ja,8.787,2115,8.4,64082.0,67.0,4.06,521028.0,Demon Slayer: Kimetsu no Yaiba Infinity Castle,True,True,True,,https://letterboxd.com/film/demon-slayer-kimetsu-no-yaiba-infinity-castle/,200
385128,tt5433138,F9,2021-05-19,200000000.0,726229501.0,Action|Adventure|Crime,143,en,6.985,7849,5.2,179684.0,58.0,2.4,359506.0,F9,True,True,True,,https://letterboxd.com/film/f9/,200
49047,tt1454468,Gravity,2013-10-03,105000000.0,723192705.0,Science Fiction|Thriller|Drama,91,en,7.173,16648,7.7,895643.0,96.0,3.52,923631.0,Gravity,True,True,True,,https://letterboxd.com/film/gravity-2013/,200
762509,tt13186482,Mufasa: The Lion King,2024-12-18,200000000.0,722631756.0,Adventure|Family|Animation,118,en,7.288,2765,6.6,80914.0,56.0,2.95,471850.0,Mufasa: The Lion King,True,True,True,,https://letterboxd.com/film/mufasa-the-lion-king/,200
346364,tt1396484,It,2017-09-06,35000000.0,719766009.0,Horror|Thriller|Drama,135,en,7.241,20660,7.3,694027.0,69.0,3.49,3078469.0,It,True,True,True,,https://letterboxd.com/film/it-2017/,200
102382,tt1872181,The Amazing Spider-Man 2,2014-04-16,200000000.0,716934779.0,Action|Adventure|Science Fiction,141,en,6.561,14715,6.6,588917.0,53.0,3.27,1815282.0,The Amazing Spider-Man 2,True,True,True,,https://letterboxd.com/film/the-amazing-spider-man-2/,200
693134,tt15239678,Dune: Part Two,2024-02-27,190000000.0,714844358.0,Science Fiction|Adventure,167,en,8.135,8536,8.4,734902.0,79.0,4.38,3641265.0,Dune: Part Two,True,True,True,,https://letterboxd.com/film/dune-part-two/,200
100402,tt1843866,Captain America: The Winter Soldier,2014-03-20,170000000.0,714766572.0,Action|Adventure|Science Fiction,136,en,7.654,20443,7.7,970692.0,70.0,3.79,2245432.0,Captain America: The Winter Soldier,True,True,True,,https://letterboxd.com/film/captain-america-the-winter-soldier/,200
50619,tt1324999,The Twilight Saga: Breaking Dawn - Part 1,2011-11-16,110000000.0,712171856.0,Adventure|Fantasy|Romance,117,en,6.185,9404,4.9,271400.0,45.0,2.77,932286.0,The Twilight Saga: Breaking Dawn – Part 1,True,True,True,,https://letterboxd.com/film/the-twilight-saga-breaking-dawn-part-1/,200
119450,tt2103281,Dawn of the Planet of the Apes,2014-07-08,170000000.0,710644566.0,Science Fiction|Action|Drama|Thriller,130,en,7.342,12487,7.6,508717.0,79.0,3.86,866394.0,Dawn of the Planet of the Apes,True,True,True,,https://letterboxd.com/film/dawn-of-the-planet-of-the-apes/,200
18239,tt1259571,The Twilight Saga: New Moon,2009-11-18,50000000.0,709827462.0,Adventure|Fantasy|Drama|Romance,131,en,6.0,9898,4.8,320139.0,44.0,2.82,1223349.0,The Twilight Saga: New Moon,True,True,True,,https://letterboxd.com/film/the-twilight-saga-new-moon/,200
1858,tt0418279,Transformers,2007-06-27,150000000.0,709709780.0,Adventure|Science Fiction|Action,144,en,6.846,12517,7.1,714583.0,61.0,3.4,913766.0,Transformers,True,True,True,,https://letterboxd.com/film/transformers/,200
385687,tt5433140,Fast X,2023-05-17,340000000.0,704709660.0,Action|Crime|Thriller,142,en,6.982,6485,5.7,145538.0,56.0,2.49,379296.0,Fast X,True,True,True,,https://letterboxd.com/film/fast-x/,200
24021,tt1325004,The Twilight Saga: Eclipse,2010-06-23,68000000.0,698491347.0,Adventure|Fantasy|Drama|Romance,124,en,6.186,9381,5.1,279535.0,58.0,2.77,1029462.0,The Twilight Saga: Eclipse,True,True,True,,https://letterboxd.com/film/the-twilight-saga-eclipse/,200
56292,tt1229238,Mission: Impossible - Ghost Protocol,2011-12-07,145000000.0,694713380.0,Action|Thriller|Adventure,133,en,7.116,10995,7.4,567136.0,73.0,3.76,611762.0,Mission: Impossible – Ghost Protocol,True,True,True,,https://letterboxd.com/film/mission-impossible-ghost-protocol/,200
70160,tt1392170,The Hunger Games,2012-03-12,75000000.0,694000000.0,Science Fiction|Adventure|Action|Thriller,142,en,7.223,23695,7.2,1074757.0,68.0,3.84,3415114.0,The Hunger Games,True,True,True,,https://letterboxd.com/film/the-hunger-games/,200
1314481,tt33612209,The Devil Wears Prada 2,2026-04-29,100000000.0,691379651.0,Comedy|Drama,119,en,7.044,2307,6.4,87496.0,63.0,3.1,1605500.0,The Devil Wears Prada 2,True,True,True,,https://letterboxd.com/film/the-devil-wears-prada-2/,200
569094,tt9362722,Spider-Man: Across the Spider-Verse,2023-05-31,100000000.0,690897910.0,Animation|Action|Adventure|Science Fiction,140,en,8.347,9221,8.5,509515.0,86.0,4.4,4082539.0,Spider-Man: Across the Spider-Verse,True,True,True,,https://letterboxd.com/film/spider-man-across-the-spider-verse/,200
277834,tt3521164,Moana,2016-10-13,150000000.0,690860472.0,Adventure|Comedy|Family|Animation,107,en,7.566,14009,7.6,436011.0,81.0,3.72,1892930.0,Moana,True,True,True,,https://letterboxd.com/film/moana-2016/,200
602666,tt10370822,Detective Chinatown 3,2021-02-12,117000000.0,686257563.0,Action|Comedy|Mystery,136,zh,5.623,118,5.6,3028.0,,2.78,2607.0,Detective Chinatown 3,True,True,True,,https://letterboxd.com/film/detective-chinatown-3/,200
687163,tt12042730,Project Hail Mary,2026-03-15,200000000.0,684234722.0,Science Fiction|Adventure,157,en,8.641,7697,8.2,433769.0,77.0,4.31,4421596.0,Project Hail Mary,True,True,True,,https://letterboxd.com/film/project-hail-mary/,200
177677,tt2381249,Mission: Impossible - Rogue Nation,2015-07-28,150000000.0,682716636.0,Action|Adventure,131,en,7.225,9931,7.4,445302.0,75.0,3.77,618548.0,Mission: Impossible – Rogue Nation,True,True,True,,https://letterboxd.com/film/mission-impossible-rogue-nation/,200
13,tt0109830,Forrest Gump,1994-06-23,55000000.0,677387716.0,Comedy|Drama|Romance,142,en,8.462,30434,8.8,2493306.0,82.0,4.19,4276080.0,Forrest Gump,True,True,True,,https://letterboxd.com/film/forrest-gump/,200
284052,tt1211837,Doctor Strange,2016-10-25,180000000.0,676343174.0,Fantasy|Adventure|Action,115,en,7.425,23886,7.5,877590.0,72.0,3.5,2261317.0,Doctor Strange,True,True,True,,https://letterboxd.com/film/doctor-strange-2016/,200
1066298,tt21148018,Full River Red,2023-01-22,,673556758.0,Mystery|Comedy|Thriller|History,157,zh,6.0,185,6.4,3918.0,75.0,3.24,4795.0,Full River Red,True,True,True,,https://letterboxd.com/film/the-red-river/,200
745,tt0167404,The Sixth Sense,1999-08-06,40000000.0,672800000.0,Mystery|Thriller|Drama,107,en,7.954,13273,8.2,1136530.0,64.0,4.11,1547595.0,The Sixth Sense,True,True,True,,https://letterboxd.com/film/the-sixth-sense/,200
1729016,tt32536035,The Yoshi Movie,2025-11-22,200000.0,670000000.0,Adventure|Action|Comedy,90,en,0.0,0,,8.0,,,,The Yoshi Movie,True,True,True,,https://letterboxd.com/film/the-yoshi-movie/,200
49521,tt0770828,Man of Steel,2013-06-12,225000000.0,668045518.0,Action|Adventure|Science Fiction,143,en,6.661,16578,7.1,865769.0,55.0,3.08,1021289.0,Man of Steel,True,True,True,,https://letterboxd.com/film/man-of-steel/,200
49444,tt1302011,Kung Fu Panda 2,2011-05-25,150000000.0,665692281.0,Animation|Family|Comedy|Action,91,en,7.085,8122,7.3,349971.0,67.0,3.79,915540.0,Kung Fu Panda 2,True,True,True,,https://letterboxd.com/film/kung-fu-panda-2/,200
842675,tt13539646,The Wandering Earth II,2023-01-22,73800000.0,665000000.0,Science Fiction|Action|Adventure,174,zh,7.32,755,6.7,16204.0,56.0,3.27,8695.0,The Wandering Earth II,True,True,True,,https://letterboxd.com/film/the-wandering-earth-ii/,200
141052,tt0974015,Justice League,2017-11-15,300000000.0,661326987.0,Action|Adventure|Science Fiction,120,en,6.068,13922,6.0,502540.0,45.0,2.02,765322.0,Justice League,True,True,True,,https://letterboxd.com/film/justice-league/,200
950,tt0438097,Ice Age: The Meltdown,2006-03-29,80000000.0,660998756.0,Animation|Family|Comedy|Adventure,91,en,6.727,10535,6.8,316256.0,59.0,3.2,619377.0,Ice Age: The Meltdown,True,True,True,,https://letterboxd.com/film/ice-age-the-meltdown/,200
177572,tt2245084,Big Hero 6,2014-10-24,165000000.0,657870525.0,Adventure|Family|Animation|Action|Comedy,102,en,7.724,16904,7.8,548572.0,74.0,3.86,1838840.0,Big Hero 6,True,True,True,,https://letterboxd.com/film/big-hero-6/,200
1462229,tt38035835,Pegasus 3,2026-02-17,80000000.0,656459523.0,Drama|Comedy,126,zh,7.021,47,,112.0,,3.21,1405.0,Pegasus 3,True,True,True,,https://letterboxd.com/film/pegasus-3/,200
22,tt0325980,Pirates of the Caribbean: The Curse of the Black Pearl,2003-07-09,140000000.0,655011224.0,Adventure|Fantasy|Action,143,en,7.834,22745,8.1,1323403.0,63.0,4.02,2150312.0,Pirates of the Caribbean: The Curse of the Black Pearl,True,True,True,,https://letterboxd.com/film/pirates-of-the-caribbean-the-curse-of-the-black-pearl/,200
338952,tt4123430,Fantastic Beasts: The Crimes of Grindelwald,2018-11-14,200000000.0,654900000.0,Fantasy|Adventure,134,en,6.83,11659,6.5,329657.0,52.0,2.71,690287.0,Fantastic Beasts: The Crimes of Grindelwald,True,True,True,,https://letterboxd.com/film/fantastic-beasts-the-crimes-of-grindelwald/,200
41154,tt1409024,Men in Black 3,2012-05-23,225000000.0,654213485.0,Action|Comedy|Science Fiction,106,en,6.547,11188,6.8,409954.0,58.0,3.22,465120.0,Men in Black 3,True,True,True,,https://letterboxd.com/film/men-in-black-3/,200
131634,tt1951266,The Hunger Games: Mockingjay - Part 2,2015-11-18,160000000.0,653428261.0,Action|Adventure|Science Fiction,137,en,6.898,13571,6.6,410756.0,65.0,3.52,1689771.0,The Hunger Games: Mockingjay – Part 2,True,True,True,,https://letterboxd.com/film/the-hunger-games-mockingjay-part-2/,200
1894,tt0121765,Star Wars: Episode II - Attack of the Clones,2002-05-15,120000000.0,649398328.0,Adventure|Action|Science Fiction,142,en,6.597,14668,6.6,815170.0,54.0,3.16,1925360.0,Star Wars: Episode II – Attack of the Clones,True,True,True,,https://letterboxd.com/film/star-wars-episode-ii-attack-of-the-clones/,200
76338,tt1981115,Thor: The Dark World,2013-10-30,170000000.0,644783140.0,Action|Adventure|Fantasy,112,en,6.508,18701,6.7,776160.0,54.0,2.33,1508995.0,Thor: The Dark World,True,True,True,,https://letterboxd.com/film/thor-the-dark-world/,200
1087192,tt26743210,How to Train Your Dragon,2025-06-06,150000000.0,636351148.0,Fantasy|Family|Action|Adventure,125,en,7.934,3107,7.7,131570.0,61.0,3.82,1151158.0,How to Train Your Dragon,True,True,True,,https://letterboxd.com/film/how-to-train-your-dragon-2025/,200
787699,tt6166392,Wonka,2023-12-06,125000000.0,634502312.0,Comedy|Family|Fantasy,117,en,7.034,4548,6.9,188015.0,66.0,3.15,1745537.0,Wonka,True,True,True,,https://letterboxd.com/film/wonka/,200
335797,tt3470600,Sing,2016-11-23,75000000.0,634151679.0,Animation|Comedy|Family|Music,108,en,7.124,8576,7.1,210521.0,59.0,3.2,751863.0,Sing,True,True,True,,https://letterboxd.com/film/sing-2016/,200
911430,tt16311594,F1,2025-06-25,300000000.0,634142436.0,Action|Drama,156,en,7.82,4634,7.6,353753.0,68.0,3.65,2090990.0,F1,True,True,True,,https://letterboxd.com/film/f1/,200
9502,tt0441773,Kung Fu Panda,2008-06-04,130000000.0,632091832.0,Action|Animation|Comedy|Family,90,en,7.338,12978,7.6,574537.0,74.0,3.93,1797267.0,Kung Fu Panda,True,True,True,,https://letterboxd.com/film/kung-fu-panda/,200
9806,tt0317705,The Incredibles,2004-10-27,92000000.0,631442092.0,Action|Adventure|Animation|Family,115,en,7.729,19283,8.0,891503.0,90.0,4.06,2537741.0,The Incredibles,True,True,True,,https://letterboxd.com/film/the-incredibles/,200
286217,tt3659388,The Martian,2015-09-30,108000000.0,631058917.0,Science Fiction|Drama|Adventure,141,en,7.707,21788,8.0,999128.0,80.0,3.83,1944397.0,The Martian,True,True,True,,https://letterboxd.com/film/the-martian/,200
8960,tt0448157,Hancock,2008-07-01,150000000.0,629400000.0,Fantasy|Action,92,en,6.357,10462,6.4,534419.0,49.0,2.83,428351.0,Hancock,True,True,True,,https://letterboxd.com/film/hancock/,200
928123,tt16194408,The Battle at Lake Changjin II: Water Gate Bridge,2022-02-01,200000000.0,626203271.0,War|History|Action,149,zh,6.281,98,5.6,1718.0,,3.03,1311.0,The Battle at Lake Changjin II: Water Gate Bridge,True,True,True,,https://letterboxd.com/film/the-battle-at-lake-changjin-ii-water-gate-bridge/,200
51497,tt1596343,Fast Five,2011-04-20,125000000.0,626100000.0,Action|Thriller|Crime,131,en,7.245,9066,7.3,430221.0,66.0,3.55,547998.0,Fast Five,True,True,True,,https://letterboxd.com/film/fast-five/,200
10138,tt1228705,Iron Man 2,2010-04-28,200000000.0,623933331.0,Adventure|Action|Science Fiction,124,en,6.855,22892,6.9,936571.0,57.0,3.07,1968466.0,Iron Man 2,True,True,True,,https://letterboxd.com/film/iron-man-2/,200
2062,tt0382932,Ratatouille,2007-06-28,150000000.0,623726000.0,Animation|Comedy|Family|Fantasy,111,en,7.846,18915,8.1,940588.0,96.0,4.22,4022666.0,Ratatouille,True,True,True,,https://letterboxd.com/film/ratatouille/,200
363088,tt5095030,Ant-Man and the Wasp,2018-07-04,140000000.0,622674139.0,Action|Adventure|Science Fiction,119,en,6.897,14481,7.0,493940.0,70.0,2.82,1372164.0,Ant-Man and the Wasp,True,True,True,,https://letterboxd.com/film/ant-man-and-the-wasp/,200
82702,tt1646971,How to Train Your Dragon 2,2014-06-05,145000000.0,621537519.0,Fantasy|Action|Adventure|Animation|Family,102,en,7.685,10664,7.8,398152.0,77.0,3.89,1087767.0,How to Train Your Dragon 2,True,True,True,,https://letterboxd.com/film/how-to-train-your-dragon-2/,200
263115,tt3315342,Logan,2017-02-28,97000000.0,619021436.0,Action|Drama|Science Fiction,137,en,7.82,20816,8.1,917281.0,77.0,4.13,1553084.0,Logan,True,True,True,,https://letterboxd.com/film/logan-2017/,200
1061474,tt5950044,Superman,2025-07-09,225000000.0,618723803.0,Science Fiction|Adventure|Action,130,en,7.326,5426,7.0,436184.0,68.0,3.83,3362119.0,Superman,True,True,True,,https://letterboxd.com/film/superman-2025/,200
330,tt0119567,The Lost World: Jurassic Park,1997-05-23,73000000.0,618638999.0,Adventure|Action|Science Fiction,129,en,6.6,9461,6.6,473902.0,59.0,3.15,687195.0,The Lost World: Jurassic Park,True,True,True,,https://letterboxd.com/film/the-lost-world-jurassic-park/,200
615,tt0335345,The Passion of the Christ,2004-02-25,30000000.0,610063468.0,Drama,127,en,7.538,5332,7.3,273731.0,47.0,3.62,236438.0,The Passion of the Christ,True,True,True,,https://letterboxd.com/film/the-passion-of-the-christ/,200
11631,tt0795421,Mamma Mia!,2008-07-03,52000000.0,609841637.0,Comedy|Romance,108,en,6.962,7164,6.5,301873.0,51.0,3.87,2374239.0,Mamma Mia!,True,True,True,,https://letterboxd.com/film/mamma-mia/,200
87827,tt0454876,Life of Pi,2012-11-20,120000000.0,609016565.0,Adventure|Drama,127,en,7.413,14003,7.9,697056.0,79.0,3.76,1054021.0,Life of Pi,True,True,True,,https://letterboxd.com/film/life-of-pi/,200
333339,tt1677720,Ready Player One,2018-03-28,175000000.0,607274134.0,Adventure|Action|Science Fiction,140,en,7.587,17345,7.4,540503.0,64.0,3.37,1351980.0,Ready Player One,True,True,True,,https://letterboxd.com/film/ready-player-one/,200
335988,tt3371366,Transformers: The Last Knight,2017-06-16,217000000.0,605425157.0,Action|Adventure|Science Fiction,154,en,6.065,6880,5.2,184025.0,27.0,2.13,285900.0,Transformers: The Last Knight,True,True,True,,https://letterboxd.com/film/transformers-the-last-knight/,200
10527,tt0479952,Madagascar: Escape 2 Africa,2008-10-30,150000000.0,603900354.0,Adventure|Animation|Comedy|Family,89,en,6.533,7591,6.7,268534.0,61.0,3.29,641269.0,Madagascar: Escape 2 Africa,True,True,True,,https://letterboxd.com/film/madagascar-escape-2-africa/,200
74,tt0407304,War of the Worlds,2005-06-28,132000000.0,603873119.0,Adventure|Thriller|Science Fiction,117,en,6.571,9506,6.6,502091.0,73.0,3.37,466014.0,War of the Worlds,True,True,True,,https://letterboxd.com/film/war-of-the-worlds/,200
36557,tt0381061,Casino Royale,2006-11-14,150000000.0,599045960.0,Adventure|Action|Thriller,144,en,7.576,11986,8.0,739664.0,80.0,4.04,1094741.0,Casino Royale,True,True,True,,https://letterboxd.com/film/casino-royale-2006/,200
575265,tt9603208,Mission: Impossible - The Final Reckoning,2025-05-17,400000000.0,598767057.0,Action|Thriller|Adventure,170,en,7.179,3135,7.1,226897.0,67.0,3.47,812850.0,Mission: Impossible – The Final Reckoning,True,True,True,,https://letterboxd.com/film/mission-impossible-the-final-reckoning/,200
38757,tt0398286,Tangled,2010-11-24,260000000.0,592461732.0,Animation|Family|Adventure,100,en,7.616,12690,7.7,540207.0,71.0,4.07,2609677.0,Tangled,True,True,True,,https://letterboxd.com/film/tangled-2010/,200
10764,tt0830515,Quantum of Solace,2008-10-29,200000000.0,589593688.0,Adventure|Action|Thriller,106,en,6.344,8748,6.5,494408.0,58.0,2.88,532877.0,Quantum of Solace,True,True,True,,https://letterboxd.com/film/quantum-of-solace/,200
607,tt0119654,Men in Black,1997-07-02,90000000.0,589390539.0,Action|Adventure|Comedy|Science Fiction,98,en,7.229,15167,7.3,658335.0,72.0,3.71,1100031.0,Men in Black,True,True,True,,https://letterboxd.com/film/men-in-black/,200
49519,tt0481499,The Croods,2013-03-15,135000000.0,587204668.0,Animation|Adventure|Family|Comedy,99,en,6.946,7698,7.1,249657.0,55.0,3.19,564637.0,The Croods,True,True,True,,https://letterboxd.com/film/the-croods/,200
45243,tt1411697,The Hangover Part II,2011-05-25,80000000.0,586764305.0,Comedy,102,en,6.511,11523,6.5,572504.0,44.0,3.19,926514.0,The Hangover Part II,True,True,True,,https://letterboxd.com/film/the-hangover-part-ii/,200
6479,tt0480249,I Am Legend,2007-12-12,150000000.0,585410052.0,Drama|Science Fiction|Thriller,101,en,7.223,17289,7.2,870487.0,65.0,3.48,945887.0,I Am Legend,True,True,True,,https://letterboxd.com/film/i-am-legend/,200
1726,tt0371746,Iron Man,2008-04-30,140000000.0,585174222.0,Action|Science Fiction|Adventure,126,en,7.665,28793,7.9,1223183.0,79.0,3.81,2818903.0,Iron Man,True,True,True,,https://letterboxd.com/film/iron-man-2008/,200
585,tt0198781,"Monsters, Inc.",2001-11-01,115000000.0,579700000.0,Animation|Comedy|Family|Fantasy,92,en,7.857,20222,8.1,1072549.0,79.0,4.08,2566979.0,"Monsters, Inc.",True,True,True,,https://letterboxd.com/film/monsters-inc/,200
460555,tt6878882,Operation Red Sea,2018-02-16,70000000.0,579330426.0,Action|Thriller|War|Adventure,138,zh,7.368,446,6.6,8539.0,,3.12,3513.0,Operation Red Sea,True,True,True,,https://letterboxd.com/film/operation-red-sea/,200
1593,tt0477347,Night at the Museum,2006-12-20,110000000.0,574480841.0,Fantasy|Family|Comedy,108,en,6.601,11188,6.5,404946.0,48.0,3.42,1186533.0,Night at the Museum,True,True,True,,https://letterboxd.com/film/night-at-the-museum/,200
1892,tt0086190,Return of the Jedi,1983-05-25,32350000.0,572700000.0,Adventure|Action|Science Fiction,132,en,7.911,17283,8.3,1200333.0,58.0,4.11,1992947.0,Return of the Jedi,True,True,True,,https://letterboxd.com/film/return-of-the-jedi/,200
823464,tt14539740,Godzilla x Kong: The New Empire,2024-03-27,150000000.0,571750016.0,Action|Adventure|Science Fiction,115,en,7.04,4846,6.0,138639.0,47.0,2.72,503358.0,Godzilla × Kong: The New Empire,True,True,True,,https://letterboxd.com/film/godzilla-kong-the-new-empire/,200
575264,tt9603212,Mission: Impossible - Dead Reckoning Part One,2023-07-08,220000000.0,571125435.0,Action|Adventure|Thriller,164,en,7.5,5356,7.6,326383.0,81.0,3.7,894156.0,Mission: Impossible – Dead Reckoning,True,True,True,,https://letterboxd.com/film/mission-impossible-dead-reckoning/,200
216015,tt2322441,Fifty Shades of Grey,2015-02-11,40000000.0,569651467.0,Drama|Romance|Thriller,125,en,5.859,12542,4.2,354203.0,46.0,1.88,583643.0,Fifty Shades of Grey,True,True,True,,https://letterboxd.com/film/fifty-shades-of-grey/,200
447277,tt5971474,The Little Mermaid,2023-05-18,297000000.0,569626289.0,Adventure|Family|Fantasy|Romance,135,en,6.252,3407,7.2,177541.0,59.0,3.08,677473.0,The Little Mermaid,True,True,True,,https://letterboxd.com/film/the-little-mermaid-2023/,200
293167,tt3731562,Kong: Skull Island,2017-03-08,185000000.0,566652812.0,Action|Adventure|Fantasy,118,en,6.559,11336,6.7,378708.0,62.0,3.14,627885.0,Kong: Skull Island,True,True,True,,https://letterboxd.com/film/kong-skull-island/,200
41513,tt0472181,The Smurfs,2011-07-29,110000000.0,563749323.0,Animation|Family|Adventure|Comedy|Fantasy,103,en,5.754,4081,5.4,102729.0,30.0,2.56,327235.0,The Smurfs,True,True,True,,https://letterboxd.com/film/the-smurfs/,200
254,tt0360717,King Kong,2005-12-12,207000000.0,562363449.0,Adventure|Drama|Action,188,en,6.902,8712,7.2,465049.0,81.0,3.43,508405.0,King Kong,True,True,True,,https://letterboxd.com/film/king-kong-2005/,200
49013,tt1216475,Cars 2,2011-06-11,200000000.0,559852396.0,Animation|Family|Adventure|Comedy,106,en,6.188,8680,6.2,251842.0,57.0,3.17,1110894.0,Cars 2,True,True,True,,https://letterboxd.com/film/cars-2/,200
417859,tt0448694,Puss in Boots,2011-10-27,130000000.0,554987477.0,Action|Adventure|Animation|Comedy|Family,90,en,6.615,4740,6.6,208940.0,65.0,3.3,504913.0,Puss in Boots,True,True,True,,https://letterboxd.com/film/puss-in-boots/,200
381890,tt4701660,The Mermaid,2016-02-08,60720000.0,553810228.0,Comedy|Fantasy|Romance,94,zh,6.6,500,6.2,10877.0,69.0,3.14,14355.0,The Mermaid,True,True,True,,https://letterboxd.com/film/the-mermaid-2016/,200
95,tt0120591,Armageddon,1998-07-01,140000000.0,553799566.0,Action|Science Fiction|Adventure,151,en,6.8,8823,6.7,476912.0,42.0,3.2,307753.0,Armageddon,True,True,True,,https://letterboxd.com/film/armageddon/,200
360920,tt2709692,The Grinch,2018-11-08,75000000.0,552976825.0,Animation|Comedy|Family|Fantasy,85,en,6.862,4517,6.4,111173.0,51.0,3.06,447559.0,The Grinch,True,True,True,,https://letterboxd.com/film/the-grinch/,200
435,tt0319262,The Day After Tomorrow,2004-05-26,125000000.0,552639571.0,Science Fiction|Thriller|Adventure,124,en,6.565,9117,6.5,509136.0,47.0,3.07,463795.0,The Day After Tomorrow,True,True,True,,https://letterboxd.com/film/the-day-after-tomorrow/,200
72105,tt1637725,Ted,2012-06-29,50000000.0,549368315.0,Comedy|Fantasy,107,en,6.455,13442,6.9,704925.0,62.0,3.13,1178283.0,Ted,True,True,True,,https://letterboxd.com/film/ted/,200
374720,tt5013056,Dunkirk,2017-07-19,150000000.0,549136737.0,War|Action|Drama,107,en,7.45,17955,7.8,800591.0,94.0,3.77,2006490.0,Dunkirk,True,True,True,,https://letterboxd.com/film/dunkirk-2017/,200
1011985,tt21692408,Kung Fu Panda 4,2024-03-02,80000000.0,548040835.0,Action|Adventure|Animation|Comedy|Family|Fantasy,94,en,6.998,3675,6.3,78494.0,54.0,2.65,504969.0,Kung Fu Panda 4,True,True,True,,https://letterboxd.com/film/kung-fu-panda-4/,200
955,tt0120755,Mission: Impossible II,2000-05-24,125000000.0,546388108.0,Adventure|Action|Thriller,123,en,6.14,7799,6.1,413413.0,59.0,2.7,527706.0,Mission: Impossible II,True,True,True,,https://letterboxd.com/film/mission-impossible-ii/,200
505513,tt7752454,Detective Chinatown 2,2018-02-16,63000000.0,544185156.0,Comedy|Mystery,121,zh,6.224,153,6.1,3592.0,48.0,3.08,3179.0,Detective Chinatown 2,True,True,True,,https://letterboxd.com/film/detective-chinatown-2/,200
246655,tt3385516,X-Men: Apocalypse,2016-05-18,178000000.0,543934787.0,Science Fiction|Fantasy|Action,144,en,6.528,14091,6.8,491572.0,52.0,2.71,800657.0,X-Men: Apocalypse,True,True,True,,https://letterboxd.com/film/x-men-apocalypse/,200
150689,tt1661199,Cinderella,2015-03-06,95000000.0,543514353.0,Romance|Fantasy|Family|Drama,105,en,6.825,7505,6.9,204139.0,67.0,3.36,537898.0,Cinderella,True,True,True,,https://letterboxd.com/film/cinderella-2015/,200
20352,tt1323594,Despicable Me,2010-07-08,69000000.0,543284256.0,Animation|Comedy|Crime|Science Fiction|Family,95,en,7.26,16367,7.6,628264.0,72.0,3.67,1368056.0,Despicable Me,True,True,True,,https://letterboxd.com/film/despicable-me/,200
190859,tt2179136,American Sniper,2014-12-25,58800000.0,542300000.0,War|Action,133,en,7.408,13873,7.3,568760.0,73.0,3.44,622737.0,American Sniper,True,True,True,,https://letterboxd.com/film/american-sniper/,200
953,tt0351283,Madagascar,2005-05-25,75000000.0,542064525.0,Adventure|Animation|Comedy|Family,86,en,6.93,11986,6.9,473809.0,57.0,3.63,1293280.0,Madagascar,True,True,True,,https://letterboxd.com/film/madagascar/,200
967941,tt19847976,Wicked: For Good,2025-11-19,150000000.0,540807971.0,Fantasy|Adventure|Romance,137,en,6.584,1146,6.6,64326.0,58.0,3.4,1392792.0,Wicked: For Good,True,True,True,,https://letterboxd.com/film/wicked-for-good/,200
166428,tt2386490,How to Train Your Dragon: The Hidden World,2019-01-03,129000000.0,539987993.0,Animation|Family|Adventure,104,en,7.752,7282,7.4,175859.0,71.0,3.72,740269.0,How to Train Your Dragon: The Hidden World,True,True,True,,https://letterboxd.com/film/how-to-train-your-dragon-the-hidden-world/,200
62177,tt1217209,Brave,2012-06-21,185000000.0,538983207.0,Adventure|Animation|Family|Fantasy,93,en,7.035,14424,7.1,475578.0,69.0,3.51,1383462.0,Brave,True,True,True,,https://letterboxd.com/film/brave-2012/,200
1891,tt0080684,The Empire Strikes Back,1980-05-20,18000000.0,538400000.0,Adventure|Action|Science Fiction,124,en,8.4,18829,8.7,1495152.0,82.0,4.4,2415607.0,The Empire Strikes Back,True,True,True,,https://letterboxd.com/film/the-empire-strikes-back/,200
281957,tt1663202,The Revenant,2015-12-25,135000000.0,532950503.0,Western|Drama|Adventure,157,en,7.541,19683,8.0,947792.0,76.0,3.92,1501255.0,The Revenant,True,True,True,,https://letterboxd.com/film/the-revenant-2015/,200
72190,tt0816711,World War Z,2013-06-19,200000000.0,531865000.0,Action|Horror|Science Fiction,116,en,6.85,17019,7.0,778104.0,63.0,3.24,1121239.0,World War Z,True,True,True,,https://letterboxd.com/film/world-war-z/,200
345940,tt4779682,The Meg,2018-08-08,150000000.0,530517320.0,Action|Science Fiction|Horror,113,en,6.252,8374,5.7,226090.0,46.0,2.48,558518.0,The Meg,True,True,True,,https://letterboxd.com/film/the-meg/,200
404368,tt5848272,Ralph Breaks the Internet,2018-11-20,175000000.0,529323962.0,Action|Adventure|Animation|Comedy|Family|Science Fiction,112,en,7.154,8265,7.0,202975.0,71.0,2.9,797746.0,Ralph Breaks the Internet,True,True,True,,https://letterboxd.com/film/ralph-breaks-the-internet/,200
400155,tt5220122,Hotel Transylvania 3: Summer Vacation,2018-06-28,80000000.0,528600000.0,Animation|Comedy|Family|Fantasy,97,en,6.841,4794,6.3,97963.0,54.0,2.69,329025.0,Hotel Transylvania 3: Summer Vacation,True,True,True,,https://letterboxd.com/film/hotel-transylvania-3-summer-vacation/,200
295693,tt3874544,The Boss Baby,2017-03-23,125000000.0,527965936.0,Animation|Comedy|Family,97,en,6.45,7574,6.3,156460.0,50.0,2.65,484671.0,The Boss Baby,True,True,True,,https://letterboxd.com/film/the-boss-baby/,200
35,tt0462538,The Simpsons Movie,2007-07-25,75000000.0,527068851.0,Animation|Comedy|Family,87,en,7.023,8714,7.3,362148.0,80.0,3.53,649363.0,The Simpsons Movie,True,True,True,,https://letterboxd.com/film/the-simpsons-movie/,200
124905,tt0831387,Godzilla,2014-05-14,160000000.0,524978362.0,Action|Drama|Science Fiction,123,en,6.367,10003,6.4,468177.0,62.0,3.14,546178.0,Godzilla,True,True,True,,https://letterboxd.com/film/godzilla-2014/,200
10528,tt0988045,Sherlock Holmes,2009-12-23,90000000.0,524028679.0,Action|Adventure|Mystery,129,en,7.223,15025,7.5,702387.0,57.0,3.51,677670.0,Sherlock Holmes,True,True,True,,https://letterboxd.com/film/sherlock-holmes-2009/,200
635302,tt11032374,Demon Slayer -Kimetsu no Yaiba- The Movie: Mugen Train,2020-10-16,15700000.0,523542183.0,Animation|Action|Fantasy,117,ja,8.227,4672,8.2,98764.0,72.0,3.95,338636.0,Demon Slayer -Kimetsu no Yaiba- The Movie: Mugen Train,True,True,True,,https://letterboxd.com/film/demon-slayer-kimetsu-no-yaiba-the-movie-mugen/,200
617126,tt10676052,The Fantastic 4: First Steps,2025-07-23,200000000.0,521858728.0,Science Fiction|Adventure|Action,115,en,6.948,3846,6.8,258601.0,65.0,3.33,2333885.0,The Fantastic 4: First Steps,True,True,True,,https://letterboxd.com/film/the-fantastic-4-first-steps/,200
10681,tt0910970,WALL·E,2008-06-26,180000000.0,521311860.0,Animation|Family|Science Fiction,98,en,8.123,20837,8.4,1306354.0,95.0,4.24,2921232.0,WALL·E,True,True,True,,https://letterboxd.com/film/walle/,200
140300,tt2267968,Kung Fu Panda 3,2016-01-23,145000000.0,521170825.0,Animation|Action|Adventure|Comedy|Family,95,en,6.94,6764,7.1,215526.0,66.0,3.32,654598.0,Kung Fu Panda 3,True,True,True,,https://letterboxd.com/film/kung-fu-panda-3/,200
102899,tt0478970,Ant-Man,2015-07-14,130000000.0,519311965.0,Science Fiction|Adventure|Action,117,en,7.067,21223,7.2,778683.0,64.0,3.22,1856518.0,Ant-Man,True,True,True,,https://letterboxd.com/film/ant-man/,200
280,tt0103064,Terminator 2: Judgment Day,1991-07-03,102000000.0,517814175.0,Action|Thriller|Science Fiction,137,en,8.167,14821,8.6,1282391.0,75.0,4.3,1084854.0,Terminator 2: Judgment Day,True,True,True,,https://letterboxd.com/film/terminator-2-judgment-day/,200
693,tt0290002,Meet the Fockers,2004-12-22,80000000.0,516642939.0,Comedy|Romance,115,en,6.254,5289,6.4,299051.0,41.0,3.05,312764.0,Meet the Fockers,True,True,True,,https://letterboxd.com/film/meet-the-fockers/,200
1339713,tt37287335,Obsession,2026-05-13,750000.0,512738088.0,Horror|Thriller,109,en,8.192,5446,7.9,291494.0,77.0,4.07,4848672.0,Obsession,True,True,True,,https://letterboxd.com/film/obsession-2025/,200
313369,tt3783958,La La Land,2016-12-01,30000000.0,509183536.0,Comedy|Drama|Romance,129,en,7.9,18457,8.0,759966.0,94.0,4.13,5212976.0,La La Land,True,True,True,,https://letterboxd.com/film/la-la-land/,200
580489,tt7097896,Venom: Let There Be Carnage,2021-09-30,110000000.0,506863592.0,Science Fiction|Action|Adventure,97,en,6.731,11407,5.9,311188.0,49.0,2.56,946766.0,Venom: Let There Be Carnage,True,True,True,,https://letterboxd.com/film/venom-let-there-be-carnage/,200
1315772,tt32890033,Minions & Monsters,2026-06-24,85000000.0,505515960.0,Adventure|Animation|Comedy|Family|Fantasy,90,en,7.554,1084,6.3,31007.0,70.0,3.2,503554.0,Minions & Monsters,True,True,True,,https://letterboxd.com/film/minions-monsters-2026/,200
251,tt0099653,Ghost,1990-07-13,22000000.0,505000000.0,Fantasy|Romance|Thriller,127,en,7.246,6196,7.1,251803.0,52.0,3.62,353864.0,Ghost,True,True,True,,https://letterboxd.com/film/ghost/,200
812,tt0103639,Aladdin,1992-11-25,28000000.0,504050219.0,Animation|Family|Adventure|Fantasy|Romance,91,en,7.658,12248,8.0,497512.0,86.0,3.91,1170365.0,Aladdin,True,True,True,,https://letterboxd.com/film/aladdin/,200
1357305,tt34463310,Detective Chinatown 1900,2025-01-29,,500282092.0,Comedy|Mystery|Action,135,zh,6.257,101,6.0,1748.0,,2.81,3239.0,Detective Chinatown 1900,True,True,True,,https://letterboxd.com/film/detective-chinatown-1900/,200
1701211,,Those Who Know Selyan,,,500000000.0,Documentary|Comedy|Drama,97,en,10.0,1,,,,,,Those Who Know Selyan,False,True,,,https://letterboxd.com/film/those-who-know-selyan/,200
1462748,,DUDURITMUS,,,500000000.0,,24,pt,0.0,0,,,,,,DUDURITMUS,False,True,,,https://letterboxd.com/film/duduritmus/,200
1432484,,The World of the Pharaoh (Live Theatre),2025-02-09,1000000.0,500000000.0,,0,es,10.0,1,,,,,,The World of the Pharaoh (Live Theatre),False,True,,,https://letterboxd.com/film/the-world-of-the-pharaoh-live-theatre/,200
1038392,tt22898462,The Conjuring: Last Rites,2025-09-03,55000000.0,499256445.0,Horror,136,en,6.953,2111,6.2,98159.0,54.0,2.8,1004890.0,The Conjuring: Last Rites,True,True,True,,https://letterboxd.com/film/the-conjuring-last-rites/,200
172385,tt2357291,Rio 2,2014-03-19,103000000.0,498781117.0,Animation|Adventure|Comedy|Family,101,en,6.513,3852,6.3,109310.0,49.0,2.95,280716.0,Rio 2,True,True,True,,https://letterboxd.com/film/rio-2/,200
652,tt0332452,Troy,2004-05-13,175000000.0,497409852.0,Action|Adventure,163,en,7.19,11492,7.3,609875.0,56.0,3.51,754668.0,Troy,True,True,True,,https://letterboxd.com/film/troy/,200
863,tt0120363,Toy Story 2,1999-10-30,90000000.0,497375404.0,Animation|Comedy|Family,92,en,7.62,15340,7.9,663076.0,88.0,3.94,1797135.0,Toy Story 2,True,True,True,,https://letterboxd.com/film/toy-story-2/,200
976573,tt15789038,Elemental,2023-06-14,200000000.0,496444308.0,Animation|Comedy|Family|Romance,102,en,7.594,5539,7.0,163663.0,58.0,3.35,1158092.0,Elemental,True,True,True,,https://letterboxd.com/film/elemental-2023/,200
10191,tt0892769,How to Train Your Dragon,2010-03-18,165000000.0,495141736.0,Fantasy|Adventure|Animation|Family,98,en,7.867,14709,8.1,882954.0,75.0,4.16,2088717.0,How to Train Your Dragon,True,True,True,,https://letterboxd.com/film/how-to-train-your-dragon/,200
664,tt0117998,Twister,1996-05-10,92000000.0,494471524.0,Action|Adventure|Drama,113,en,6.577,3990,6.6,249196.0,68.0,3.32,376165.0,Twister,True,True,True,,https://letterboxd.com/film/twister/,200
18823,tt0800320,Clash of the Titans,2010-03-26,125000000.0,493214993.0,Adventure|Fantasy|Action,106,en,5.923,6836,5.8,303998.0,39.0,2.56,209436.0,Clash of the Titans,True,True,True,,https://letterboxd.com/film/clash-of-the-titans-2010/,200
939243,tt18259086,Sonic the Hedgehog 3,2024-12-19,122000000.0,492162604.0,Action|Science Fiction|Comedy|Family,110,en,7.599,3454,6.9,79715.0,56.0,3.45,563580.0,Sonic the Hedgehog 3,True,True,True,,https://letterboxd.com/film/sonic-the-hedgehog-3/,200
68728,tt1623205,Oz the Great and Powerful,2013-03-07,200000000.0,491868548.0,Fantasy|Adventure|Family,130,en,5.9,6903,6.3,220679.0,44.0,2.65,217188.0,Oz the Great and Powerful,True,True,True,,https://letterboxd.com/film/oz-the-great-and-powerful/,200
420809,tt4777008,Maleficent: Mistress of Evil,2019-10-16,185000000.0,491730089.0,Family|Fantasy|Adventure,119,en,7.293,6607,6.6,130828.0,43.0,3.1,359247.0,Maleficent: Mistress of Evil,True,True,True,,https://letterboxd.com/film/maleficent-mistress-of-evil/,200
281338,tt3450958,War for the Planet of the Apes,2017-07-11,150000000.0,490719763.0,Drama|Science Fiction|War,140,en,7.225,9945,7.4,324617.0,82.0,3.83,743437.0,War for the Planet of the Apes,True,True,True,,https://letterboxd.com/film/war-for-the-planet-of-the-apes/,200
808,tt0126029,Shrek,2001-05-18,60000000.0,489676241.0,Animation|Comedy|Fantasy|Adventure|Family,90,en,7.779,19289,7.9,803764.0,84.0,4.12,2981574.0,Shrek,True,True,True,,https://letterboxd.com/film/shrek/,200
787,tt0356910,Mr. & Mrs. Smith,2005-06-07,110000000.0,487287646.0,Action|Comedy|Drama|Thriller,120,en,6.695,11484,6.5,588762.0,55.0,3.36,1552038.0,Mr. & Mrs. Smith,True,True,True,,https://letterboxd.com/film/mr-mrs-smith-2005/,200
13448,tt0808151,Angels & Demons,2009-04-20,150000000.0,485930816.0,Thriller|Mystery,139,en,6.728,7492,6.7,324063.0,48.0,3.2,227857.0,Angels & Demons,True,True,True,,https://letterboxd.com/film/angels-demons/,200
98566,tt1291150,Teenage Mutant Ninja Turtles,2014-08-07,125000000.0,485004754.0,Science Fiction|Action|Adventure|Comedy,101,en,5.932,7309,5.8,229104.0,31.0,2.57,241299.0,Teenage Mutant Ninja Turtles,True,True,True,,https://letterboxd.com/film/teenage-mutant-ninja-turtles-2014/,200
315162,tt3915174,Puss in Boots: The Last Wish,2022-12-07,90000000.0,484700000.0,Animation|Adventure|Fantasy|Comedy|Family,103,en,8.216,9207,7.8,218530.0,73.0,4.13,1962200.0,Puss in Boots: The Last Wish,True,True,True,,https://letterboxd.com/film/puss-in-boots-the-last-wish/,200
310,tt0315327,Bruce Almighty,2003-05-23,80000000.0,484592874.0,Fantasy|Comedy,101,en,6.728,11719,6.8,466929.0,46.0,3.29,581528.0,Bruce Almighty,True,True,True,,https://letterboxd.com/film/bruce-almighty/,200
46195,tt1436562,Rio,2011-04-03,90000000.0,483866772.0,Animation|Adventure|Comedy|Family,96,en,6.771,7330,6.9,270787.0,63.0,3.54,775449.0,Rio,True,True,True,,https://letterboxd.com/film/rio-2011/,200
857,tt0120815,Saving Private Ryan,1998-07-24,70000000.0,481840909.0,War|Drama|History,169,en,8.233,17753,8.6,1635552.0,91.0,4.26,1595233.0,Saving Private Ryan,True,True,True,,https://letterboxd.com/film/saving-private-ryan/,200
61791,tt1318514,Rise of the Planet of the Apes,2011-08-03,93000000.0,481800873.0,Thriller|Action|Drama|Science Fiction,105,en,7.354,13059,7.6,600908.0,68.0,3.69,1022619.0,Rise of the Planet of the Apes,True,True,True,,https://letterboxd.com/film/rise-of-the-planet-of-the-apes/,200
912649,tt16366836,Venom: The Last Dance,2024-10-22,120000000.0,478937618.0,Science Fiction|Action|Adventure,109,en,6.673,4511,6.0,149838.0,41.0,2.58,619866.0,Venom: The Last Dance,True,True,True,,https://letterboxd.com/film/venom-the-last-dance/,200
771,tt0099785,Home Alone,1990-11-16,18000000.0,476684675.0,Comedy|Family,103,en,7.467,12826,7.8,739162.0,63.0,3.86,3021741.0,Home Alone,True,True,True,,https://letterboxd.com/film/home-alone/,200
640146,tt10954600,Ant-Man and the Wasp: Quantumania,2023-02-15,200000000.0,476071180.0,Action|Adventure|Science Fiction,125,en,6.217,6075,6.0,278530.0,48.0,2.14,1051404.0,Ant-Man and the Wasp: Quantumania,True,True,True,,https://letterboxd.com/film/ant-man-and-the-wasp-quantumania/,200
118,tt0367594,Charlie and the Chocolate Factory,2005-07-13,150000000.0,475000000.0,Adventure|Comedy|Family|Fantasy,115,en,7.037,16370,6.7,566515.0,72.0,3.37,1994067.0,Charlie and the Chocolate Factory,True,True,True,,https://letterboxd.com/film/charlie-and-the-chocolate-factory/,200
89,tt0097576,Indiana Jones and the Last Crusade,1989-05-24,48000000.0,474171806.0,Adventure|Action,127,en,7.856,11336,8.2,858909.0,65.0,4.12,882013.0,Indiana Jones and the Last Crusade,True,True,True,,https://letterboxd.com/film/indiana-jones-and-the-last-crusade/,200
254128,tt2126355,San Andreas,2015-05-27,110000000.0,473990832.0,Action|Drama|Thriller,114,en,6.251,9193,6.1,275264.0,43.0,2.56,290785.0,San Andreas,True,True,True,,https://letterboxd.com/film/san-andreas/,200
159824,tt2510894,Hotel Transylvania 2,2015-09-21,80000000.0,473200000.0,Animation|Comedy|Family|Fantasy,89,en,6.764,6250,6.6,160207.0,44.0,3.07,459204.0,Hotel Transylvania 2,True,True,True,,https://letterboxd.com/film/hotel-transylvania-2/,200
474350,tt7349950,It Chapter Two,2019-09-04,79000000.0,473123154.0,Horror|Thriller|Drama,169,en,6.829,9834,6.5,353654.0,58.0,2.96,1553867.0,It Chapter Two,True,True,True,,https://letterboxd.com/film/it-chapter-two/,200
82690,tt1772341,Wreck-It Ralph,2012-11-01,165000000.0,471222889.0,Family|Animation|Comedy|Adventure,101,en,7.362,13310,7.7,494419.0,72.0,3.62,1351477.0,Wreck-It Ralph,True,True,True,,https://letterboxd.com/film/wreck-it-ralph/,200
137106,tt1490017,The Lego Movie,2014-02-06,60000000.0,470759687.0,Animation|Family|Adventure|Comedy|Fantasy,100,en,7.431,8706,7.7,411857.0,83.0,3.87,1576891.0,The Lego Movie,True,True,True,,https://letterboxd.com/film/the-lego-movie/,200
578,tt0073195,Jaws,1975-06-20,7000000.0,470653000.0,Horror|Thriller|Adventure,124,en,7.685,11846,8.1,731140.0,87.0,3.91,1830725.0,Jaws,True,True,True,,https://letterboxd.com/film/jaws/,200
399566,tt5034838,Godzilla vs. Kong,2021-03-24,200000000.0,470116094.0,Action|Science Fiction|Adventure,114,en,7.523,10812,6.3,263824.0,59.0,2.84,662673.0,Godzilla vs. Kong,True,True,True,,https://letterboxd.com/film/godzilla-vs-kong/,200
18785,tt1119646,The Hangover,2009-06-02,35000000.0,469310836.0,Comedy,100,en,7.337,18486,7.7,922266.0,73.0,3.76,2173383.0,The Hangover,True,True,True,,https://letterboxd.com/film/the-hangover/,200
240832,tt2872732,Lucy,2014-07-25,40000000.0,469058574.0,Action|Science Fiction,89,en,6.476,17360,6.4,569730.0,62.0,2.87,886992.0,Lucy,True,True,True,,https://letterboxd.com/film/lucy-2014/,200
424783,tt4701182,Bumblebee,2018-11-22,135000000.0,467989645.0,Action|Adventure|Science Fiction,114,en,6.731,6824,6.7,205892.0,66.0,3.21,415739.0,Bumblebee,True,True,True,,https://letterboxd.com/film/bumblebee/,200
54138,tt1408101,Star Trek Into Darkness,2013-05-05,190000000.0,467381584.0,Action|Adventure|Science Fiction,132,en,7.32,9861,7.7,509207.0,72.0,3.4,306515.0,Star Trek Into Darkness,True,True,True,,https://letterboxd.com/film/star-trek-into-darkness/,200
1228891,tt30829309,Pegasus 2,2024-02-10,60000000.0,466862668.0,Drama|Comedy|Adventure,121,zh,7.204,98,6.9,1492.0,,3.21,1388.0,Pegasus 2,True,True,True,,https://letterboxd.com/film/pegasus-2/,200
98,tt0172495,Gladiator,2000-05-04,103000000.0,465516248.0,Action|Drama|Adventure,155,en,8.231,21468,8.5,1844518.0,67.0,4.2,2310539.0,Gladiator,True,True,True,,https://letterboxd.com/film/gladiator-2000/,200
603,tt0133093,The Matrix,1999-03-31,63000000.0,463517383.0,Action|Science Fiction,136,en,8.258,28694,8.7,2243093.0,73.0,4.18,3081826.0,The Matrix,True,True,True,,https://letterboxd.com/film/the-matrix/,200
114,tt0100405,Pretty Woman,1990-03-23,14000000.0,463406268.0,Romance|Comedy,120,en,7.441,9160,7.1,401452.0,51.0,3.73,1353652.0,Pretty Woman,True,True,True,,https://letterboxd.com/film/pretty-woman/,200
558449,tt9218128,Gladiator II,2024-11-13,310000000.0,462180717.0,Action|Adventure|Drama,148,en,6.593,4726,6.4,296954.0,64.0,3.25,1498551.0,Gladiator II,True,True,True,,https://letterboxd.com/film/gladiator-ii/,200
920,tt0317219,Cars,2006-06-08,120000000.0,461983149.0,Animation|Adventure|Comedy|Family,117,en,7.051,15491,7.3,528959.0,73.0,3.95,2114852.0,Cars,True,True,True,,https://letterboxd.com/film/cars/,200
508935,tt7294150,The Eight Hundred,2020-08-14,80000000.0,461421559.0,War|History|Drama|Action,147,zh,7.037,352,6.7,8239.0,64.0,3.53,10002.0,The Eight Hundred,True,True,True,,https://letterboxd.com/film/the-eight-hundred/,200
801803,tt14557302,Moon Man,2022-07-29,,460300583.0,Science Fiction|Comedy|Drama,122,zh,6.792,113,6.4,2139.0,,3.13,1851.0,Moon Man,True,True,True,,https://letterboxd.com/film/moon-man-2022/,200
36668,tt0376994,X-Men: The Last Stand,2006-05-24,210000000.0,459359555.0,Adventure|Action|Science Fiction,104,en,6.4,10643,6.6,571579.0,58.0,2.73,682087.0,X-Men: The Last Stand,True,True,True,,https://letterboxd.com/film/x-men-the-last-stand/,200
6637,tt0465234,National Treasure: Book of Secrets,2007-12-19,130000000.0,459200000.0,Action|Adventure|Mystery,124,en,6.382,5670,6.5,266050.0,48.0,3.04,228569.0,National Treasure: Book of Secrets,True,True,True,,https://letterboxd.com/film/national-treasure-book-of-secrets/,200
316029,tt1485796,The Greatest Showman,2017-12-20,84000000.0,459066134.0,Drama,105,en,7.853,10227,7.5,342749.0,48.0,3.6,1436730.0,The Greatest Showman,True,True,True,,https://letterboxd.com/film/the-greatest-showman/,200
954,tt0117060,Mission: Impossible,1996-05-22,80000000.0,457696391.0,Adventure|Action|Thriller,111,en,7.029,10248,7.2,516752.0,59.0,3.64,845008.0,Mission: Impossible,True,True,True,,https://letterboxd.com/film/mission-impossible/,200
616,tt0325710,The Last Samurai,2003-12-05,140000000.0,456800000.0,Drama|Action|War,154,en,7.612,7760,7.8,499167.0,55.0,3.8,359905.0,The Last Samurai,True,True,True,,https://letterboxd.com/film/the-last-samurai/,200
1271,tt0416449,300,2007-03-07,65000000.0,456082343.0,Action|Adventure|War,117,en,7.209,15076,7.6,904962.0,52.0,3.45,664143.0,300,True,True,True,,https://letterboxd.com/film/300/,200
917496,tt2049403,Beetlejuice Beetlejuice,2024-09-04,99000000.0,452000435.0,Comedy|Fantasy,105,en,6.92,3304,6.6,173439.0,62.0,3.17,1138723.0,Beetlejuice Beetlejuice,True,True,True,,https://letterboxd.com/film/beetlejuice-beetlejuice/,200
161,tt0240772,Ocean's Eleven,2001-12-07,85000000.0,450717150.0,Thriller|Crime,116,en,7.466,12874,7.7,668514.0,74.0,3.95,1523130.0,Ocean's Eleven,True,True,True,,https://letterboxd.com/film/oceans-eleven-2001/,200
612845,tt10147382,"My People, My Country",2019-09-30,,450064993.0,Drama|History,154,zh,6.58,81,6.3,2456.0,,3.04,1393.0,"My People, My Country",True,True,True,,https://letterboxd.com/film/my-people-my-country/,200
447404,tt5884052,Pokémon Detective Pikachu,2019-05-03,150000000.0,450063166.0,Action|Adventure|Fantasy,105,en,6.897,7507,6.5,196534.0,53.0,3.04,644520.0,Pokémon Detective Pikachu,True,True,True,,https://letterboxd.com/film/pokemon-detective-pikachu/,200
10195,tt0800369,Thor,2011-04-21,150000000.0,449326618.0,Adventure|Fantasy|Action,115,en,6.772,22775,7.0,963947.0,57.0,2.89,1845897.0,Thor,True,True,True,,https://letterboxd.com/film/thor/,200
676,tt0213149,Pearl Harbor,2001-05-21,140000000.0,449220945.0,War|History|Drama|Action|Romance,183,en,6.932,7166,6.3,367857.0,44.0,3.04,254437.0,Pearl Harbor,True,True,True,,https://letterboxd.com/film/pearl-harbor/,200
37135,tt0120855,Tarzan,1999-06-17,130000000.0,448200000.0,Animation|Family|Adventure,88,en,7.408,7488,7.3,265277.0,80.0,3.74,721282.0,Tarzan,True,True,True,,https://letterboxd.com/film/tarzan/,200
603692,tt10366206,John Wick: Chapter 4,2023-03-21,100000000.0,447316405.0,Action|Thriller|Crime,170,en,7.712,8277,7.6,405485.0,78.0,3.9,1098364.0,John Wick: Chapter 4,True,True,True,,https://letterboxd.com/film/john-wick-chapter-4/,200
530915,tt8579674,1917,2019-12-25,100000000.0,446064352.0,War|Drama|History,119,en,7.984,13874,8.2,769457.0,78.0,4.13,1997691.0,1917,True,True,True,,https://letterboxd.com/film/1917/,200
608,tt0120912,Men in Black II,2002-07-03,140000000.0,445135288.0,Action|Comedy|Science Fiction,88,en,6.39,10881,6.2,428899.0,49.0,3.09,504773.0,Men in Black II,True,True,True,,https://letterboxd.com/film/men-in-black-ii/,200
1734,tt0209163,The Mummy Returns,2001-05-04,98000000.0,443280904.0,Adventure|Action|Fantasy,130,en,6.417,7889,6.4,362637.0,48.0,3.11,326474.0,The Mummy Returns,True,True,True,,https://letterboxd.com/film/the-mummy-returns/,200
23398,tt1231580,Alvin and the Chipmunks: The Squeakquel,2009-12-21,75000000.0,443140005.0,Comedy|Family|Animation|Fantasy|Music,89,en,5.656,3188,4.6,59136.0,41.0,2.59,298715.0,Alvin and the Chipmunks: The Squeakquel,True,True,True,,https://letterboxd.com/film/alvin-and-the-chipmunks-the-squeakquel/,200
2503,tt0440963,The Bourne Ultimatum,2007-08-03,70000000.0,442824138.0,Action|Drama|Mystery|Thriller,115,en,7.444,8589,8.0,681537.0,85.0,3.74,347538.0,The Bourne Ultimatum,True,True,True,,https://letterboxd.com/film/the-bourne-ultimatum/,200
82695,tt1707386,Les Misérables,2012-12-18,61000000.0,442636309.0,History|Drama,158,en,7.296,5682,7.5,360640.0,63.0,3.63,511912.0,Les Misérables,True,True,True,,https://letterboxd.com/film/les-miserables-2012/,200
667538,tt5090568,Transformers: Rise of the Beasts,2023-06-06,195000000.0,441381193.0,Science Fiction|Adventure|Action,127,en,7.163,5417,6.0,129623.0,42.0,2.68,336170.0,Transformers: Rise of the Beasts,True,True,True,,https://letterboxd.com/film/transformers-rise-of-the-beasts/,200
788,tt0107614,Mrs. Doubtfire,1993-11-24,25000000.0,441286195.0,Comedy|Drama|Family,125,en,7.196,6783,7.1,312013.0,54.0,3.73,568869.0,Mrs. Doubtfire,True,True,True,,https://letterboxd.com/film/mrs-doubtfire/,200
87101,tt1340138,Terminator Genisys,2015-06-23,155000000.0,440603537.0,Science Fiction|Action|Thriller,126,en,6.0,9158,6.3,305926.0,38.0,2.26,188252.0,Terminator Genisys,True,True,True,,https://letterboxd.com/film/terminator-genisys/,200
572802,tt9663764,Aquaman and the Lost Kingdom,2023-12-20,205000000.0,440181226.0,Action|Adventure|Fantasy,124,en,6.503,3655,5.6,117603.0,42.0,2.21,318330.0,Aquaman and the Lost Kingdom,True,True,True,,https://letterboxd.com/film/aquaman-and-the-lost-kingdom/,200
332562,tt1517451,A Star Is Born,2018-10-03,36000000.0,436388866.0,Music|Drama|Romance,136,en,7.489,12382,7.6,445763.0,88.0,3.64,1167201.0,A Star Is Born,True,True,True,,https://letterboxd.com/film/a-star-is-born-2018/,200
296,tt0181852,Terminator 3: Rise of the Machines,2003-07-02,200000000.0,435000000.0,Action|Thriller|Science Fiction,109,en,6.203,7467,6.3,435195.0,66.0,2.76,256504.0,Terminator 3: Rise of the Machines,True,True,True,,https://letterboxd.com/film/terminator-3-rise-of-the-machines/,200
68735,tt0803096,Warcraft,2016-05-25,160000000.0,433677183.0,Action|Adventure|Fantasy,123,en,6.411,7442,6.7,294721.0,32.0,2.57,177800.0,Warcraft,True,True,True,,https://letterboxd.com/film/warcraft/,200
1229349,tt28151876,Yolo,2024-02-10,100000000.0,433606094.0,Drama|Comedy|Action,129,zh,6.8,121,6.9,4169.0,,3.35,7649.0,Yolo,True,True,True,,https://letterboxd.com/film/yolo-2024/,200
566525,tt9376612,Shang-Chi and the Legend of the Ten Rings,2021-09-01,150000000.0,432243292.0,Action|Adventure|Fantasy,132,en,7.485,10717,7.3,496530.0,71.0,3.4,1604938.0,Shang-Chi and the Legend of the Ten Rings,True,True,True,,https://letterboxd.com/film/shang-chi-and-the-legend-of-the-ten-rings/,200
36669,tt0246460,Die Another Day,2002-11-17,142000000.0,431971116.0,Adventure|Action|Thriller,133,en,5.997,3988,6.1,236957.0,56.0,2.59,154810.0,Die Another Day,True,True,True,,https://letterboxd.com/film/die-another-day/,200
9552,tt0070047,The Exorcist,1973-12-26,11000000.0,430872776.0,Horror,122,en,7.746,8863,8.1,495533.0,83.0,3.94,1071627.0,The Exorcist,True,True,True,,https://letterboxd.com/film/the-exorcist/,200
8358,tt0162222,Cast Away,2000-12-22,90000000.0,429632142.0,Adventure|Drama,143,en,7.668,12538,7.8,676631.0,74.0,3.9,909854.0,Cast Away,True,True,True,,https://letterboxd.com/film/cast-away/,200
412117,tt5113040,The Secret Life of Pets 2,2019-05-24,80000000.0,429434163.0,Animation|Comedy|Family|Adventure,86,en,6.948,3412,6.4,77477.0,55.0,2.63,177599.0,The Secret Life of Pets 2,True,True,True,,https://letterboxd.com/film/the-secret-life-of-pets-2/,200
427641,tt2231461,Rampage,2018-04-11,120000000.0,428028233.0,Action|Adventure|Science Fiction,107,en,6.467,7718,6.1,201100.0,45.0,2.44,247200.0,Rampage,True,True,True,,https://letterboxd.com/film/rampage-2018/,200
715904,,"Metallica: WorldWired Tour - Live in Manchester, England - June 18, 2019",2020-06-08,,426900000.0,Music,150,en,10.0,1,,,,,,"Metallica: WorldWired Tour - Live in Manchester, England - June 18, 2019",False,True,,,https://letterboxd.com/film/metallica-worldwired-tour-live-in-manchester-england-june-18-2019/,200
77338,tt1675434,The Intouchables,2011-11-02,13000000.0,426590315.0,Drama|Comedy,113,fr,8.272,18791,8.5,1024790.0,57.0,4.16,1005065.0,The Intouchables,True,True,True,,https://letterboxd.com/film/the-intouchables/,200
38700,tt1502397,Bad Boys for Life,2020-01-15,90000000.0,426505244.0,Thriller|Action|Crime,124,en,7.105,8875,6.5,196819.0,59.0,2.96,238060.0,Bad Boys for Life,True,True,True,,https://letterboxd.com/film/bad-boys-for-life/,200
68718,tt1853728,Django Unchained,2012-12-25,100000000.0,425368238.0,Drama|Western,165,en,8.193,28574,8.5,1901438.0,81.0,4.34,3493235.0,Django Unchained,True,True,True,,https://letterboxd.com/film/django-unchained/,200
605,tt0242653,The Matrix Revolutions,2003-11-05,150000000.0,424988211.0,Adventure|Action|Thriller|Science Fiction,129,en,6.758,11108,6.7,572491.0,47.0,3.19,572872.0,The Matrix Revolutions,True,True,True,,https://letterboxd.com/film/the-matrix-revolutions/,200
10020,tt0101414,Beauty and the Beast,1991-10-22,25000000.0,424967620.0,Romance|Family|Animation|Fantasy,84,en,7.726,10881,8.0,502927.0,95.0,3.93,1024665.0,Beauty and the Beast,True,True,True,,https://letterboxd.com/film/beauty-and-the-beast-1991/,200
581,tt0099348,Dances with Wolves,1990-11-09,22000000.0,424208848.0,Adventure|Drama|Western,181,en,7.841,4820,8.0,307747.0,72.0,3.94,174184.0,Dances with Wolves,True,True,True,,https://letterboxd.com/film/dances-with-wolves/,200
1500536,tt36598036,Dead to Rights,2025-07-19,20000000.0,422785908.0,Drama|War|History,137,zh,7.86,93,7.7,2922.0,,3.94,8513.0,Dead to Rights,True,True,True,,https://letterboxd.com/film/dead-to-rights-2025/,200
1299537,tt32613601,Successor,2024-07-13,,422307398.0,Comedy,133,zh,7.0,92,6.8,1679.0,,3.3,3005.0,Successor,True,True,True,,https://letterboxd.com/film/successor-2024/,200
2454,tt0499448,The Chronicles of Narnia: Prince Caspian,2008-05-15,225000000.0,419665568.0,Adventure|Family|Fantasy,150,en,6.637,6914,6.5,238224.0,62.0,3.27,451896.0,The Chronicles of Narnia: Prince Caspian,True,True,True,,https://letterboxd.com/film/the-chronicles-of-narnia-prince-caspian/,200
4564,tt1000774,Sex and the City,2008-05-12,65000000.0,418800000.0,Comedy|Drama|Romance,146,en,6.541,2315,5.7,132833.0,53.0,3.2,282937.0,Sex and the City,True,True,True,,https://letterboxd.com/film/sex-and-the-city/,200
564,tt0120616,The Mummy,1999-04-16,80000000.0,415885488.0,Adventure|Action|Fantasy,124,en,7.0,10370,7.1,508368.0,49.0,3.61,756953.0,The Mummy,True,True,True,,https://letterboxd.com/film/the-mummy-1999/,200
10140,tt0980970,The Chronicles of Narnia: The Voyage of the Dawn Treader,2010-12-02,155000000.0,415686217.0,Adventure|Family|Fantasy,113,en,6.444,6009,6.3,176567.0,53.0,3.03,321798.0,The Chronicles of Narnia: The Voyage of the Dawn Treader,True,True,True,,https://letterboxd.com/film/the-chronicles-of-narnia-the-voyage-of-the-dawn-treader/,200
324668,tt4196776,Jason Bourne,2016-07-27,120000000.0,415484914.0,Action|Adventure|Thriller,123,en,6.385,6356,6.6,256031.0,58.0,3.0,183460.0,Jason Bourne,True,True,True,,https://letterboxd.com/film/jason-bourne/,200
76170,tt1430132,The Wolverine,2013-07-21,120000000.0,415440673.0,Action|Science Fiction|Adventure,126,en,6.436,10547,6.7,523235.0,61.0,3.04,638735.0,The Wolverine,True,True,True,,https://letterboxd.com/film/the-wolverine/,200
822119,tt14513804,Captain America: Brave New World,2025-02-12,180000000.0,415101577.0,Action|Thriller|Science Fiction,119,en,6.0,3388,5.6,192394.0,42.0,2.4,956713.0,Captain America: Brave New World,True,True,True,,https://letterboxd.com/film/captain-america-brave-new-world/,200
207703,tt2802144,Kingsman: The Secret Service,2015-01-24,81000000.0,414351546.0,Crime|Comedy|Action,129,en,7.617,18129,7.7,775402.0,60.0,3.77,1524939.0,Kingsman: The Secret Service,True,True,True,,https://letterboxd.com/film/kingsman-the-secret-service/,200
45269,tt1504320,The King's Speech,2010-11-26,15000000.0,414211549.0,Drama|History,118,en,7.732,9506,8.0,732524.0,88.0,3.82,499145.0,The King's Speech,True,True,True,,https://letterboxd.com/film/the-kings-speech/,200
18360,tt1078912,Night at the Museum: Battle of the Smithsonian,2009-05-20,150000000.0,413106170.0,Adventure|Fantasy|Action|Comedy|Family,105,en,6.157,7440,6.0,226638.0,42.0,3.0,452858.0,Night at the Museum: Battle of the Smithsonian,True,True,True,,https://letterboxd.com/film/night-at-the-museum-battle-of-the-smithsonian/,200
268,tt0096895,Batman,1989-06-21,35000000.0,411348924.0,Fantasy|Action|Crime,126,en,7.2,8781,7.5,429189.0,69.0,3.64,665698.0,Batman,True,True,True,,https://letterboxd.com/film/batman-1989/,200
619,tt0103855,The Bodyguard,1992-11-25,25000000.0,411006740.0,Action|Drama|Romance,129,en,6.706,3345,6.4,158454.0,39.0,3.3,145905.0,The Bodyguard,True,True,True,,https://letterboxd.com/film/the-bodyguard-1992/,200
68726,tt1663662,Pacific Rim,2013-07-11,180000000.0,411000000.0,Action|Science Fiction|Adventure,131,en,6.9,13786,6.9,555685.0,65.0,3.52,732996.0,Pacific Rim,True,True,True,,https://letterboxd.com/film/pacific-rim/,200
343668,tt4649466,Kingsman: The Golden Circle,2017-09-20,104000000.0,410902662.0,Crime|Comedy|Action,141,en,6.941,11358,6.7,400623.0,44.0,3.23,848909.0,Kingsman: The Golden Circle,True,True,True,,https://letterboxd.com/film/kingsman-the-golden-circle/,200
438631,tt1160419,Dune,2021-09-15,165000000.0,410668500.0,Science Fiction|Adventure,155,en,7.8,15509,8.0,1038179.0,74.0,3.89,4444629.0,Dune,True,True,True,,https://letterboxd.com/film/dune-2021/,200
20526,tt1104001,TRON: Legacy,2010-12-14,170000000.0,409912892.0,Adventure|Action|Science Fiction,126,en,6.5,8139,6.8,386829.0,49.0,3.3,525674.0,TRON: Legacy,True,True,True,,https://letterboxd.com/film/tron-legacy/,200
282035,tt2345759,The Mummy,2017-06-06,125000000.0,409231607.0,Fantasy|Thriller|Action|Adventure|Horror,110,en,5.521,7780,5.4,220647.0,34.0,1.97,238361.0,The Mummy,True,True,True,,https://letterboxd.com/film/the-mummy-2017/,200
278154,tt3416828,Ice Age: Collision Course,2016-06-23,105000000.0,408579038.0,Adventure|Animation|Family|Comedy|Science Fiction,95,en,6.1,4973,5.7,84930.0,34.0,2.38,179473.0,Ice Age: Collision Course,True,True,True,,https://letterboxd.com/film/ice-age-collision-course/,200
438695,tt6467266,Sing 2,2021-12-01,85000000.0,408402685.0,Animation|Comedy|Family|Music,110,en,7.832,4899,7.3,100000.0,49.0,3.22,365912.0,Sing 2,True,True,True,,https://letterboxd.com/film/sing-2/,200
2675,tt0286106,Signs,2002-08-02,72000000.0,408200000.0,Thriller|Science Fiction|Horror,106,en,6.734,6539,6.8,409811.0,59.0,3.53,564706.0,Signs,True,True,True,,https://letterboxd.com/film/signs/,200
36658,tt0290334,X2,2003-04-27,110000000.0,407711549.0,Adventure|Action|Science Fiction,133,en,7.046,11164,7.4,611038.0,68.0,3.45,775302.0,X2,True,True,True,,https://letterboxd.com/film/x2/,200
372058,tt5311514,Your Name.,2016-07-01,7500000.0,407210429.0,Animation|Romance|Drama,106,ja,8.486,12974,8.4,385171.0,81.0,4.24,1676382.0,Your Name.,True,True,True,,https://letterboxd.com/film/your-name/,200
338953,tt4123432,Fantastic Beasts: The Secrets of Dumbledore,2022-04-06,200000000.0,407200000.0,Fantasy|Adventure,142,en,6.624,5242,6.2,191265.0,47.0,2.64,501329.0,Fantastic Beasts: The Secrets of Dumbledore,True,True,True,,https://letterboxd.com/film/fantastic-beasts-the-secrets-of-dumbledore/,200
335787,tt1464335,Uncharted,2022-02-10,120000000.0,407141258.0,Action|Adventure|Mystery,116,en,6.872,7142,6.3,298712.0,45.0,2.73,866160.0,Uncharted,True,True,True,,https://letterboxd.com/film/uncharted-2022/,200
106646,tt0993846,The Wolf of Wall Street,2013-12-25,100000000.0,407039432.0,Crime|Drama|Comedy,180,en,8.026,26489,8.2,1784314.0,75.0,4.0,4352298.0,The Wolf of Wall Street,True,True,True,,https://letterboxd.com/film/the-wolf-of-wall-street/,200
675353,tt12412888,Sonic the Hedgehog 2,2022-03-30,110000000.0,405421518.0,Action|Adventure|Family|Comedy,123,en,7.417,6009,6.5,115967.0,47.0,3.11,473286.0,Sonic the Hedgehog 2,True,True,True,,https://letterboxd.com/film/sonic-the-hedgehog-2/,200
399579,tt0437086,Alita: Battle Angel,2019-01-31,170000000.0,405000000.0,Action|Science Fiction|Adventure,122,en,7.275,10366,7.3,321252.0,53.0,3.24,474850.0,Alita: Battle Angel,True,True,True,,https://letterboxd.com/film/alita-battle-angel/,200
573435,tt4919268,Bad Boys: Ride or Die,2024-06-05,100000000.0,404547819.0,Action|Comedy|Crime,116,en,7.313,3461,6.5,113239.0,54.0,3.18,286605.0,Bad Boys: Ride or Die,True,True,True,,https://letterboxd.com/film/bad-boys-ride-or-die/,200
1735,tt0859163,The Mummy: Tomb of the Dragon Emperor,2008-07-01,145000000.0,403449830.0,Adventure|Action|Fantasy,112,en,5.521,4924,5.2,179224.0,31.0,2.27,152720.0,The Mummy: Tomb of the Dragon Emperor,True,True,True,,https://letterboxd.com/film/the-mummy-tomb-of-the-dragon-emperor/,200
70981,tt1446714,Prometheus,2012-05-30,130000000.0,403354469.0,Science Fiction|Mystery|Horror,124,en,6.609,13619,7.0,691831.0,64.0,3.32,779139.0,Prometheus,True,True,True,,https://letterboxd.com/film/prometheus/,200
770,tt0031381,Gone with the Wind,1939-12-15,4000000.0,402352579.0,Drama|War|Romance,238,en,7.905,4472,8.2,354268.0,97.0,3.86,278390.0,Gone with the Wind,True,True,True,,https://letterboxd.com/film/gone-with-the-wind/,200
524434,tt9032400,Eternals,2021-11-03,200000000.0,402064899.0,Science Fiction|Action|Adventure,156,en,6.754,9397,6.2,423444.0,52.0,2.68,1310742.0,Eternals,True,True,True,,https://letterboxd.com/film/eternals/,200
1723126,,Her Story,,5.0,400000000.0,Thriller|Science Fiction,9,en,10.0,1,,,,,,Her Story,False,True,,,https://letterboxd.com/film/her-story-1/,200
1618688,,Kervin Civil War - Part 1,,200000000.0,400000000.0,,55,en,0.0,0,,,,,,Kervin Civil War - Part 1,False,True,,,https://letterboxd.com/film/kervin-civil-war-part-1/,200
1368166,tt27543632,The Housemaid,2025-12-18,35000000.0,399644671.0,Mystery|Thriller,131,en,7.259,3034,6.7,174511.0,65.0,3.05,1716657.0,The Housemaid,True,True,True,,https://letterboxd.com/film/the-housemaid-2025/,200
615656,tt9224104,Meg 2: The Trench,2023-08-02,129000000.0,398500317.0,Action|Science Fiction|Horror,116,en,6.363,4106,5.0,101683.0,40.0,2.06,348337.0,Meg 2: The Trench,True,True,True,,https://letterboxd.com/film/meg-2-the-trench/,200
956,tt0317919,Mission: Impossible III,2006-04-25,150000000.0,398479497.0,Adventure|Action|Thriller,126,en,6.767,7835,6.9,424323.0,66.0,3.42,527886.0,Mission: Impossible III,True,True,True,,https://letterboxd.com/film/mission-impossible-iii/,200
653346,tt11389872,Kingdom of the Planet of the Apes,2024-05-08,160000000.0,397378150.0,Science Fiction|Adventure|Action,145,en,7.053,4442,6.8,166568.0,66.0,3.32,659959.0,Kingdom of the Planet of the Apes,True,True,True,,https://letterboxd.com/film/kingdom-of-the-planet-of-the-apes/,200
58595,tt1735898,Snow White and the Huntsman,2012-05-30,170000000.0,396600000.0,Adventure|Fantasy|Drama,127,en,5.983,8358,6.1,312075.0,57.0,2.65,247447.0,Snow White and the Huntsman,True,True,True,,https://letterboxd.com/film/snow-white-and-the-huntsman/,200
621,tt0077631,Grease,1978-06-16,6000000.0,396271103.0,Romance|Comedy,110,en,7.367,7815,7.2,323963.0,70.0,3.57,1215608.0,Grease,True,True,True,,https://letterboxd.com/film/grease/,200
458423,tt6911608,Mamma Mia! Here We Go Again,2018-07-18,75000000.0,395607854.0,Comedy|Romance,114,en,7.07,3635,6.6,116641.0,60.0,3.46,805769.0,Mamma Mia! Here We Go Again,True,True,True,,https://letterboxd.com/film/mamma-mia-here-we-go-again/,200
324857,tt4633694,Spider-Man: Into the Spider-Verse,2018-12-06,90000000.0,394884133.0,Animation|Action|Adventure|Science Fiction,117,en,8.399,17839,8.4,777014.0,87.0,4.4,4973100.0,Spider-Man: Into the Spider-Verse,True,True,True,,https://letterboxd.com/film/spider-man-into-the-spider-verse/,200
1083381,tt26657236,Backrooms,2026-05-27,10000000.0,394122453.0,Horror|Mystery|Science Fiction,111,en,7.052,3240,6.8,179011.0,76.0,3.32,2973250.0,Backrooms,True,True,True,,https://letterboxd.com/film/backrooms-2026/,200
466272,tt7131622,Once Upon a Time... in Hollywood,2019-07-24,95000000.0,393869691.0,Comedy|Drama|Thriller,162,en,7.42,15219,7.6,959546.0,84.0,3.78,3306033.0,Once Upon a Time... in Hollywood,True,True,True,,https://letterboxd.com/film/once-upon-a-time-in-hollywood/,200
8966,tt1099212,Twilight,2008-11-20,37000000.0,393616788.0,Fantasy|Drama|Romance,122,en,6.274,14663,5.4,522520.0,56.0,3.11,2492862.0,Twilight,True,True,True,,https://letterboxd.com/film/twilight-2008/,200
436270,tt6443346,Black Adam,2022-10-19,200000000.0,393452111.0,Action|Adventure|Science Fiction,125,en,6.769,7242,6.1,303175.0,41.0,2.22,580471.0,Black Adam,True,True,True,,https://letterboxd.com/film/black-adam/,200
923192,tt16254308,Too Cool to Kill,2022-02-01,,393014816.0,Action|Comedy,109,zh,6.4,53,6.1,882.0,,3.23,893.0,Too Cool to Kill,True,True,True,,https://letterboxd.com/film/too-cool-to-kill/,200
348350,tt3778644,Solo: A Star Wars Story,2018-05-15,250000000.0,392952373.0,Science Fiction|Adventure|Action,135,en,6.552,9490,6.9,406107.0,62.0,2.9,887505.0,Solo: A Star Wars Story,True,True,True,,https://letterboxd.com/film/solo-a-star-wars-story/,200
1452,tt0348150,Superman Returns,2006-06-28,223000000.0,391081192.0,Science Fiction|Action|Adventure,154,en,5.824,4696,6.1,302225.0,72.0,2.71,190732.0,Superman Returns,True,True,True,,https://letterboxd.com/film/superman-returns/,200
8367,tt0102798,Robin Hood: Prince of Thieves,1991-06-14,48000000.0,390493908.0,Action|Adventure|Drama,143,en,6.853,3689,6.9,220927.0,51.0,3.3,115888.0,Robin Hood: Prince of Thieves,True,True,True,,https://letterboxd.com/film/robin-hood-prince-of-thieves/,200
85,tt0082971,Raiders of the Lost Ark,1981-06-12,18000000.0,389925971.0,Adventure|Action,115,en,7.928,13972,8.4,1102713.0,86.0,4.16,1362405.0,Raiders of the Lost Ark,True,True,True,,https://letterboxd.com/film/raiders-of-the-lost-ark/,200
1327819,tt26443616,Hoppers,2026-03-04,150000000.0,389685783.0,Adventure|Animation|Comedy|Family|Science Fiction,104,en,8.151,2321,7.4,37622.0,73.0,3.69,958132.0,Hoppers,True,True,True,,https://letterboxd.com/film/hoppers/,200
47933,tt1628841,Independence Day: Resurgence,2016-06-22,165000000.0,389681935.0,Action|Adventure|Science Fiction,120,en,5.366,6603,5.2,197984.0,32.0,2.12,148247.0,Independence Day: Resurgence,True,True,True,,https://letterboxd.com/film/independence-day-resurgence/,200
373571,tt3741700,Godzilla: King of the Monsters,2019-05-29,170000000.0,387300138.0,Science Fiction|Action,132,en,6.685,6893,6.0,226912.0,48.0,2.93,472449.0,Godzilla: King of the Monsters,True,True,True,,https://letterboxd.com/film/godzilla-king-of-the-monsters-2019/,200
334298,tt3781476,Monster Hunt,2015-07-16,,387053506.0,Comedy|Fantasy|Adventure,118,zh,6.5,380,6.1,6050.0,53.0,3.0,3901.0,Monster Hunt,True,True,True,,https://letterboxd.com/film/monster-hunt/,200
13475,tt0796366,Star Trek,2009-05-06,150000000.0,386839614.0,Science Fiction|Action|Adventure,127,en,7.437,10713,7.9,636122.0,82.0,3.65,367045.0,Star Trek,True,True,True,,https://letterboxd.com/film/star-trek/,200
9836,tt0366548,Happy Feet,2006-11-16,100000000.0,384335608.0,Animation|Comedy|Family,108,en,6.231,5583,6.4,212746.0,77.0,3.08,501252.0,Happy Feet,True,True,True,,https://letterboxd.com/film/happy-feet/,200
335977,tt1462764,Indiana Jones and the Dial of Destiny,2023-06-25,294700000.0,383963057.0,Adventure|Action,155,en,6.496,4344,6.5,230035.0,58.0,2.9,596235.0,Indiana Jones and the Dial of Destiny,True,True,True,,https://letterboxd.com/film/indiana-jones-and-the-dial-of-destiny/,200
260514,tt3606752,Cars 3,2017-06-15,175000000.0,383925276.0,Animation|Drama|Family|Adventure,102,en,6.866,6567,6.7,148184.0,59.0,3.15,721688.0,Cars 3,True,True,True,,https://letterboxd.com/film/cars-3/,200
1571,tt0337978,Live Free or Die Hard,2007-06-20,110000000.0,383531464.0,Action|Thriller,128,en,6.6,6505,7.1,433767.0,69.0,2.97,157003.0,Live Free or Die Hard,True,True,True,,https://letterboxd.com/film/live-free-or-die-hard/,200
425,tt0268380,Ice Age,2002-03-14,59000000.0,383257136.0,Animation|Comedy|Family|Adventure,81,en,7.384,14609,7.5,560233.0,61.0,3.61,1265833.0,Ice Age,True,True,True,,https://letterboxd.com/film/ice-age/,200
986056,tt20969586,Thunderbolts*,2025-04-30,180000000.0,382436917.0,Action|Science Fiction|Adventure,127,en,7.298,4030,7.1,274694.0,68.0,3.56,2075465.0,Thunderbolts*,True,True,True,,https://letterboxd.com/film/thunderbolts/,200
341174,tt4465564,Fifty Shades Darker,2017-02-08,55000000.0,381545846.0,Drama|Romance,118,en,6.47,8005,4.6,120435.0,33.0,2.09,238514.0,Fifty Shades Darker,True,True,True,,https://letterboxd.com/film/fifty-shades-darker/,200
15512,tt0892782,Monsters vs Aliens,2009-03-19,175000000.0,381509870.0,Animation|Family|Adventure|Science Fiction,94,en,6.265,5119,6.4,187595.0,56.0,2.98,430384.0,Monsters vs Aliens,True,True,True,,https://letterboxd.com/film/monsters-vs-aliens/,200
105,tt0088763,Back to the Future,1985-07-03,19000000.0,381109762.0,Adventure|Comedy|Science Fiction,116,en,8.329,22365,8.5,1450794.0,88.0,4.22,2938272.0,Back to the Future,True,True,True,,https://letterboxd.com/film/back-to-the-future/,200
497698,tt3480822,Black Widow,2021-07-07,200000000.0,379751131.0,Action|Adventure|Science Fiction,134,en,7.15,11597,6.6,476594.0,68.0,2.97,1751891.0,Black Widow,True,True,True,,https://letterboxd.com/film/black-widow-2021/,200
929,tt0120685,Godzilla,1998-05-20,130000000.0,379014294.0,Science Fiction|Action|Thriller,138,en,5.659,4348,5.5,210191.0,32.0,2.31,172927.0,Godzilla,True,True,True,,https://letterboxd.com/film/godzilla-1998/,200
36955,tt0111503,True Lies,1994-07-15,115000000.0,378900000.0,Action|Thriller,141,en,7.104,4724,7.3,298420.0,63.0,3.6,206518.0,True Lies,True,True,True,,https://letterboxd.com/film/true-lies/,200
76341,tt1392190,Mad Max: Fury Road,2015-05-13,150000000.0,378858340.0,Action|Adventure|Science Fiction,121,en,7.637,24576,8.1,1198396.0,90.0,4.17,2264002.0,Mad Max: Fury Road,True,True,True,,https://letterboxd.com/film/mad-max-fury-road/,200
12405,tt1010048,Slumdog Millionaire,2008-11-12,15000000.0,378400000.0,Drama|Romance,121,en,7.727,11571,8.0,907124.0,84.0,3.97,731792.0,Slumdog Millionaire,True,True,True,,https://letterboxd.com/film/slumdog-millionaire/,200
9325,tt0061852,The Jungle Book,1967-10-18,4000000.0,378000000.0,Family|Animation|Adventure,78,en,7.288,6773,7.6,211042.0,65.0,3.71,402597.0,The Jungle Book,True,True,True,,https://letterboxd.com/film/the-jungle-book/,200
495278,tt2963262,Limonov: The Ballad,2024-09-05,10500000.0,377523000.0,History|Drama,133,fr,6.4,83,5.9,1237.0,61.0,3.05,9690.0,Limonov: The Ballad,True,True,True,,https://letterboxd.com/film/limonov-the-ballad/,200
82675,tt1397280,Taken 2,2012-09-27,45000000.0,376100000.0,Action|Crime|Thriller,91,en,6.371,7260,6.2,335764.0,45.0,2.71,195192.0,Taken 2,True,True,True,,https://letterboxd.com/film/taken-2/,200
538331,tt8529186,Hello Mr. Billionaire,2018-07-27,,376000000.0,Comedy,118,zh,6.95,150,6.1,2995.0,,2.89,1947.0,Hello Mr. Billionaire,True,True,True,,https://letterboxd.com/film/hello-mr-billionaire/,200
272,tt0372784,Batman Begins,2005-06-10,150000000.0,374218673.0,Drama|Crime|Action,140,en,7.729,23149,8.2,1709629.0,70.0,3.85,2365553.0,Batman Begins,True,True,True,,https://letterboxd.com/film/batman-begins/,200
3981,tt0207201,What Women Want,2000-12-15,70000000.0,374100000.0,Comedy|Romance,127,en,6.451,4529,6.5,236520.0,47.0,2.87,213483.0,What Women Want,True,True,True,,https://letterboxd.com/film/what-women-want/,200
17578,tt0983193,The Adventures of Tintin,2011-10-24,130000000.0,373993951.0,Adventure|Animation|Mystery,107,en,6.928,5958,7.3,253447.0,68.0,3.69,418523.0,The Adventures of Tintin,True,True,True,,https://letterboxd.com/film/the-adventures-of-tintin/,200
270946,tt1911658,Penguins of Madagascar,2014-11-22,132000000.0,373515621.0,Family|Animation|Adventure|Comedy,92,en,6.544,4572,6.6,113406.0,53.0,3.24,307059.0,Penguins of Madagascar,True,True,True,,https://letterboxd.com/film/penguins-of-madagascar-2014/,200
2080,tt0458525,X-Men Origins: Wolverine,2009-04-28,150000000.0,373062864.0,Adventure|Action|Science Fiction,107,en,6.297,11522,6.5,567143.0,40.0,2.6,711398.0,X-Men Origins: Wolverine,True,True,True,,https://letterboxd.com/film/x-men-origins-wolverine/,200
718821,tt12584954,Twisters,2024-07-10,155000000.0,372262265.0,Action|Thriller,123,en,6.8,3154,6.5,190996.0,65.0,3.24,1115195.0,Twisters,True,True,True,,https://letterboxd.com/film/twisters/,200
2268,tt0385752,The Golden Compass,2007-12-04,180000000.0,372234864.0,Adventure|Fantasy,113,en,6.085,4929,6.1,204702.0,51.0,2.77,177222.0,The Golden Compass,True,True,True,,https://letterboxd.com/film/the-golden-compass/,200
337167,tt4477536,Fifty Shades Freed,2018-01-17,55000000.0,371985018.0,Drama|Romance,105,en,6.7,8429,4.6,80950.0,31.0,2.06,196812.0,Fifty Shades Freed,True,True,True,,https://letterboxd.com/film/fifty-shades-freed/,200
72559,tt1583421,G.I. Joe: Retaliation,2013-03-27,130000000.0,371900000.0,Action|Science Fiction|Adventure|Thriller,110,en,5.664,5873,5.7,192513.0,41.0,2.26,92317.0,G.I. Joe: Retaliation,True,True,True,,https://letterboxd.com/film/gi-joe-retaliation/,200
8488,tt0386588,Hitch,2005-02-11,70000000.0,371600000.0,Comedy|Drama|Romance,118,en,6.582,6365,6.6,343989.0,58.0,3.17,319923.0,Hitch,True,True,True,,https://letterboxd.com/film/hitch-2005/,200
1233413,tt31193180,Sinners,2025-04-16,100000000.0,371368759.0,Horror|Action|Thriller,138,en,7.512,5155,7.5,472042.0,84.0,4.1,4849184.0,Sinners,True,True,True,,https://letterboxd.com/film/sinners-2025/,200
534,tt0438488,Terminator Salvation,2009-05-20,200000000.0,371353001.0,Action|Science Fiction|Thriller,115,en,6.101,7232,6.5,388740.0,49.0,2.64,193289.0,Terminator Salvation,True,True,True,,https://letterboxd.com/film/terminator-salvation/,200
210577,tt2267998,Gone Girl,2014-10-01,61000000.0,370890259.0,Mystery|Thriller|Drama,149,en,7.889,20380,8.1,1166585.0,79.0,4.07,3305134.0,Gone Girl,True,True,True,,https://letterboxd.com/film/gone-girl/,200
1771,tt0458339,Captain America: The First Avenger,2011-07-22,140000000.0,370569774.0,Action|Adventure|Science Fiction,124,en,7.011,23215,6.9,966241.0,66.0,3.38,2133545.0,Captain America: The First Avenger,True,True,True,,https://letterboxd.com/film/captain-america-the-first-avenger/,200
137113,tt1631867,Edge of Tomorrow,2014-05-27,178000000.0,370541256.0,Action|Science Fiction,114,en,7.643,15484,7.9,802767.0,71.0,3.78,876379.0,Edge of Tomorrow,True,True,True,,https://letterboxd.com/film/edge-of-tomorrow/,200
544,tt0129387,There's Something About Mary,1998-07-15,23000000.0,369900000.0,Romance|Comedy,120,en,6.636,5501,7.1,346240.0,69.0,3.22,316249.0,There's Something About Mary,True,True,True,,https://letterboxd.com/film/theres-something-about-mary/,200
856289,tt6979756,Creation of the Gods I: Kingdom of Storms,2023-07-15,85000000.0,369081777.0,Action|Fantasy|War,148,zh,7.089,499,6.7,6419.0,,3.35,9336.0,Creation of the Gods I: Kingdom of Storms,True,True,True,,https://letterboxd.com/film/creation-of-the-gods-i-kingdom-of-storms/,200
5503,tt0106977,The Fugitive,1993-08-06,44000000.0,368875760.0,Action|Thriller|Drama,131,en,7.49,4944,7.8,343917.0,87.0,3.92,323349.0,The Fugitive,True,True,True,,https://letterboxd.com/film/the-fugitive-1993/,200
228161,tt2224026,Home,2015-03-18,135000000.0,368871007.0,Fantasy|Comedy|Animation|Science Fiction|Family,94,en,6.789,4314,6.5,120478.0,55.0,2.99,377057.0,Home,True,True,True,,https://letterboxd.com/film/home-2015/,200
331,tt0163025,Jurassic Park III,2001-07-18,93000000.0,368780809.0,Adventure|Thriller|Science Fiction|Action,92,en,6.2,8057,6.0,366719.0,42.0,2.97,551250.0,Jurassic Park III,True,True,True,,https://letterboxd.com/film/jurassic-park-iii/,200
8346,tt0259446,My Big Fat Greek Wedding,2002-04-19,5000000.0,368744044.0,Comedy|Drama|Romance,95,en,6.495,2346,6.6,150238.0,62.0,3.43,274412.0,My Big Fat Greek Wedding,True,True,True,,https://letterboxd.com/film/my-big-fat-greek-wedding/,200
287947,tt0448115,Shazam!,2019-03-29,80000000.0,367799011.0,Action|Comedy|Fantasy,132,en,6.969,10425,7.0,412905.0,71.0,3.01,885619.0,Shazam!,True,True,True,,https://letterboxd.com/film/shazam/,200
10555,tt0307453,Shark Tale,2004-09-20,75000000.0,367300000.0,Animation|Action|Comedy|Family,90,en,6.045,6826,6.0,211362.0,48.0,3.07,662950.0,Shark Tale,True,True,True,,https://letterboxd.com/film/shark-tale/,200
1572,tt0112864,Die Hard: With a Vengeance,1995-05-19,90000000.0,366101666.0,Action|Thriller,128,en,7.283,6835,7.6,428742.0,58.0,3.75,257077.0,Die Hard With a Vengeance,True,True,True,,https://letterboxd.com/film/die-hard-with-a-vengeance/,200
439079,tt5814060,The Nun,2018-09-05,22000000.0,366082797.0,Horror,96,en,5.91,7300,5.4,194981.0,46.0,2.37,718699.0,The Nun,True,True,True,,https://letterboxd.com/film/the-nun-2018/,200
577922,tt6723592,Tenet,2020-08-22,205000000.0,365304105.0,Action|Thriller|Science Fiction,150,en,7.171,11497,7.3,709795.0,69.0,3.47,1910266.0,Tenet,True,True,True,,https://letterboxd.com/film/tenet/,200
509,tt0125439,Notting Hill,1999-05-21,42000000.0,363889678.0,Romance|Comedy,124,en,7.264,6877,7.2,380809.0,68.0,3.69,1575762.0,Notting Hill,True,True,True,,https://letterboxd.com/film/notting-hill/,200
9487,tt0120623,A Bug's Life,1998-11-25,80000000.0,363258859.0,Adventure|Animation|Comedy|Family,95,en,6.982,9906,7.2,334363.0,78.0,3.51,863865.0,A Bug's Life,True,True,True,,https://letterboxd.com/film/a-bugs-life/,200
181533,tt2692250,Night at the Museum: Secret of the Tomb,2014-12-17,127000000.0,363204635.0,Adventure|Comedy|Fantasy|Family,98,en,6.229,6332,6.2,148225.0,47.0,2.91,299834.0,Night at the Museum: Secret of the Tomb,True,True,True,,https://letterboxd.com/film/night-at-the-museum-secret-of-the-tomb/,200
13804,tt1013752,Fast & Furious,2009-04-02,85000000.0,363164265.0,Action|Crime|Thriller,107,en,6.688,7988,6.5,332392.0,46.0,3.03,503427.0,Fast & Furious,True,True,True,,https://letterboxd.com/film/fast-furious/,200
163,tt0349903,Ocean's Twelve,2004-12-09,110000000.0,362744280.0,Thriller|Crime,125,en,6.567,8112,6.5,435634.0,58.0,3.39,610754.0,Ocean's Twelve,True,True,True,,https://letterboxd.com/film/oceans-twelve/,200
86834,tt1959490,Noah,2014-03-07,125000000.0,362600000.0,Drama|Adventure,138,en,5.679,6729,5.8,275793.0,68.0,2.6,198013.0,Noah,True,True,True,,https://letterboxd.com/film/noah/,200
869,tt0133152,Planet of the Apes,2001-07-26,100000000.0,362211740.0,Thriller|Science Fiction|Action|Adventure,120,en,5.78,4543,5.7,241183.0,50.0,2.37,165557.0,Planet of the Apes,True,True,True,,https://letterboxd.com/film/planet-of-the-apes-2001/,200
109439,tt1951261,The Hangover Part III,2013-05-23,103000000.0,362000072.0,Comedy,100,en,6.213,9423,5.9,360292.0,30.0,2.8,623166.0,The Hangover Part III,True,True,True,,https://letterboxd.com/film/the-hangover-part-iii/,200
36643,tt0143145,The World Is Not Enough,1999-11-17,135000000.0,361832400.0,Adventure|Action|Thriller,128,en,6.288,3364,6.4,218190.0,57.0,2.94,128867.0,The World Is Not Enough,True,True,True,,https://letterboxd.com/film/the-world-is-not-enough/,200
497984,tt6170484,Monster Hunt 2,2018-02-16,,361682618.0,Adventure|Comedy|Fantasy,110,zh,6.7,148,5.4,2307.0,63.0,2.81,1757.0,Monster Hunt 2,True,True,True,,https://letterboxd.com/film/monster-hunt-2/,200
6477,tt0952640,Alvin and the Chipmunks,2007-12-13,60000000.0,361366633.0,Comedy|Family|Fantasy|Animation,92,en,5.841,4823,5.3,101785.0,39.0,2.9,605859.0,Alvin and the Chipmunks,True,True,True,,https://letterboxd.com/film/alvin-and-the-chipmunks/,200
38575,tt1155076,The Karate Kid,2010-06-10,40000000.0,359126022.0,Action|Adventure|Drama|Family,140,en,6.567,6701,6.3,225248.0,61.0,3.22,633158.0,The Karate Kid,True,True,True,,https://letterboxd.com/film/the-karate-kid-2010/,200
772,tt0104431,Home Alone 2: Lost in New York,1992-11-15,18000000.0,358994850.0,Comedy|Family|Adventure,120,en,6.793,10883,6.9,451493.0,46.0,3.61,1254374.0,Home Alone 2: Lost in New York,True,True,True,,https://letterboxd.com/film/home-alone-2-lost-in-new-york/,200
76492,tt0837562,Hotel Transylvania,2012-09-20,85000000.0,358375603.0,Animation|Comedy|Family|Fantasy,91,en,6.97,9350,7.0,309621.0,47.0,3.42,840924.0,Hotel Transylvania,True,True,True,,https://letterboxd.com/film/hotel-transylvania/,200
180,tt0181689,Minority Report,2002-06-20,102000000.0,358372926.0,Science Fiction|Action|Thriller,145,en,7.355,9919,7.6,617708.0,80.0,3.79,583007.0,Minority Report,True,True,True,,https://letterboxd.com/film/minority-report/,200
744,tt0092099,Top Gun,1986-05-16,15000000.0,356830601.0,Action|Drama|Romance,110,en,7.072,9893,7.0,550107.0,50.0,3.54,1244499.0,Top Gun,True,True,True,,https://letterboxd.com/film/top-gun/,200
258489,tt0918940,The Legend of Tarzan,2016-06-29,180000000.0,356743061.0,Fantasy|Action|Adventure,109,en,5.925,6619,6.2,197155.0,44.0,2.54,146683.0,The Legend of Tarzan,True,True,True,,https://letterboxd.com/film/the-legend-of-tarzan/,200
14,tt0169547,American Beauty,1999-09-15,15000000.0,356296601.0,Drama,122,en,7.996,13331,8.3,1272515.0,84.0,3.94,1245914.0,American Beauty,True,True,True,,https://letterboxd.com/film/american-beauty/,200
72545,tt1397514,Journey 2: The Mysterious Island,2012-01-19,79000000.0,355692760.0,Adventure|Action|Science Fiction,94,en,6.154,4614,5.7,120244.0,41.0,2.6,182403.0,Journey 2: The Mysterious Island,True,True,True,,https://letterboxd.com/film/journey-2-the-mysterious-island/,200
568,tt0112384,Apollo 13,1995-06-30,52000000.0,355237933.0,Drama|History,140,en,7.463,6103,7.7,334301.0,78.0,3.82,321290.0,Apollo 13,True,True,True,,https://letterboxd.com/film/apollo-13/,200
380,tt0095953,Rain Man,1988-12-12,25000000.0,354825435.0,Drama,134,en,7.75,7314,8.0,581331.0,65.0,3.9,593858.0,Rain Man,True,True,True,,https://letterboxd.com/film/rain-man/,200
10567,tt0130623,Dinosaur,2000-05-19,127500000.0,354248063.0,Adventure|Animation|Drama|Family,82,en,6.59,2816,6.4,72205.0,56.0,3.04,170550.0,Dinosaur,True,True,True,,https://letterboxd.com/film/dinosaur/,200
49538,tt1270798,X-Men: First Class,2011-06-01,160000000.0,353624124.0,Action|Science Fiction|Adventure,132,en,7.305,13841,7.7,763121.0,65.0,3.62,1027319.0,X-Men: First Class,True,True,True,,https://letterboxd.com/film/x-men-first-class/,200
329996,tt3861390,Dumbo,2019-03-27,170000000.0,353284621.0,Family|Fantasy|Adventure,112,en,6.6,4574,6.2,87768.0,51.0,2.62,190232.0,Dumbo,True,True,True,,https://letterboxd.com/film/dumbo-2019/,200
402,tt0103772,Basic Instinct,1992-03-20,49000000.0,352927224.0,Thriller|Mystery,128,en,6.948,4526,7.1,241317.0,43.0,3.63,322094.0,Basic Instinct,True,True,True,,https://letterboxd.com/film/basic-instinct/,200
392044,tt3402236,Murder on the Orient Express,2017-11-03,55000000.0,352800000.0,Mystery|Drama|Crime,114,en,6.706,10717,6.5,319654.0,52.0,3.17,592549.0,Murder on the Orient Express,True,True,True,,https://letterboxd.com/film/murder-on-the-orient-express-2017/,200
710,tt0113189,GoldenEye,1995-11-16,60000000.0,352194034.0,Adventure|Action|Thriller,130,en,6.906,4469,7.2,281321.0,65.0,3.58,228953.0,GoldenEye,True,True,True,,https://letterboxd.com/film/goldeneye/,200
640,tt0264464,Catch Me If You Can,2002-12-16,52000000.0,352114312.0,Drama|Crime,141,en,7.978,17531,8.1,1233450.0,75.0,4.06,2677357.0,Catch Me If You Can,True,True,True,,https://letterboxd.com/film/catch-me-if-you-can-2002/,200
75656,tt1670345,Now You See Me,2013-05-29,75000000.0,351723989.0,Thriller|Crime,116,en,7.326,17110,7.2,765172.0,50.0,3.48,1441741.0,Now You See Me,True,True,True,,https://letterboxd.com/film/now-you-see-me/,200
9740,tt0212985,Hannibal,2001-02-08,87000000.0,351692268.0,Crime|Drama|Thriller,131,en,6.779,5329,6.8,311689.0,57.0,3.3,391562.0,Hannibal,True,True,True,,https://letterboxd.com/film/hannibal/,200
854,tt0110475,The Mask,1994-07-29,23000000.0,351583407.0,Comedy|Fantasy|Crime|Romance,101,en,6.995,11565,7.0,464432.0,59.0,3.43,999371.0,The Mask,True,True,True,,https://letterboxd.com/film/the-mask-1994/,200
856,tt0096438,Who Framed Roger Rabbit,1988-06-22,50600000.0,351500000.0,Fantasy|Animation|Comedy|Crime,104,en,7.541,6335,7.7,232021.0,83.0,3.98,488732.0,Who Framed Roger Rabbit,True,True,True,,https://letterboxd.com/film/who-framed-roger-rabbit/,200
1079091,tt10655524,It Ends with Us,2024-08-07,55000000.0,351441044.0,Drama|Romance,131,en,6.95,2043,6.3,100886.0,53.0,2.33,830674.0,It Ends with Us,True,True,True,,https://letterboxd.com/film/it-ends-with-us/,200
381719,tt5117670,Peter Rabbit,2018-02-07,50000000.0,351266433.0,Animation|Adventure|Family,93,en,6.695,1975,6.6,52407.0,51.0,2.8,172781.0,Peter Rabbit,True,True,True,,https://letterboxd.com/film/peter-rabbit/,200
64682,tt1343092,The Great Gatsby,2013-05-09,105000000.0,351040419.0,Drama|Romance,143,en,7.346,13155,7.2,641730.0,55.0,3.49,1595438.0,The Great Gatsby,True,True,True,,https://letterboxd.com/film/the-great-gatsby-2013/,200
945961,tt18412256,Alien: Romulus,2024-08-13,80000000.0,350865342.0,Horror|Science Fiction,119,en,7.158,4871,7.1,285643.0,64.0,3.59,1301000.0,Alien: Romulus,True,True,True,,https://letterboxd.com/film/alien-romulus/,200
1637,tt0111257,Speed,1994-06-09,30000000.0,350448145.0,Action|Thriller,116,en,7.161,7048,7.3,420427.0,78.0,3.7,482649.0,Speed,True,True,True,,https://letterboxd.com/film/speed/,200
153518,tt1985949,The Angry Birds Movie,2016-05-11,73000000.0,349779543.0,Animation|Adventure|Comedy|Family,97,en,6.294,4126,6.3,117177.0,43.0,2.81,289376.0,The Angry Birds Movie,True,True,True,,https://letterboxd.com/film/the-angry-birds-movie/,200
8656,tt0120647,Deep Impact,1998-05-08,75000000.0,349464664.0,Action|Drama|Science Fiction,122,en,6.25,3453,6.3,199379.0,40.0,2.98,115573.0,Deep Impact,True,True,True,,https://letterboxd.com/film/deep-impact/,200
73723,tt1482459,The Lorax,2012-03-01,70000000.0,349305397.0,Animation|Family,86,en,6.537,3977,6.4,142581.0,46.0,3.38,707071.0,The Lorax,True,True,True,,https://letterboxd.com/film/the-lorax-2012/,200
400650,tt5028340,Mary Poppins Returns,2018-12-13,130000000.0,348807090.0,Fantasy|Family|Comedy,131,en,6.51,3521,6.7,98768.0,66.0,3.06,250091.0,Mary Poppins Returns,True,True,True,,https://letterboxd.com/film/mary-poppins-returns/,200
198663,tt1790864,The Maze Runner,2014-09-10,34000000.0,348319861.0,Action|Mystery|Science Fiction|Thriller,113,en,7.19,18448,6.8,557043.0,57.0,3.59,1773271.0,The Maze Runner,True,True,True,,https://letterboxd.com/film/the-maze-runner/,200
2059,tt0368891,National Treasure,2004-11-19,100000000.0,347500000.0,Adventure|Action|Mystery,131,en,6.653,7050,6.9,374474.0,40.0,3.36,445767.0,National Treasure,True,True,True,,https://letterboxd.com/film/national-treasure/,200
77931,tt2017020,The Smurfs 2,2013-07-30,105000000.0,347434178.0,Fantasy|Family|Comedy|Animation,105,en,5.747,2412,5.3,49596.0,34.0,2.28,156574.0,The Smurfs 2,True,True,True,,https://letterboxd.com/film/the-smurfs-2/,200
136799,tt1679335,Trolls,2016-10-13,125000000.0,347337803.0,Adventure|Animation|Comedy|Family|Fantasy,92,en,6.622,3896,6.4,97374.0,55.0,2.85,362848.0,Trolls,True,True,True,,https://letterboxd.com/film/trolls/,200
5175,tt0266915,Rush Hour 2,2001-08-03,90000000.0,347325802.0,Action|Comedy|Crime,90,en,6.777,4764,6.7,256979.0,48.0,3.49,348527.0,Rush Hour 2,True,True,True,,https://letterboxd.com/film/rush-hour-2/,200
2048,tt0343818,"I, Robot",2004-07-15,120000000.0,347234916.0,Action|Science Fiction,115,en,6.97,12973,7.1,611841.0,59.0,3.23,488724.0,"I, Robot",True,True,True,,https://letterboxd.com/film/i-robot/,200
47971,tt1293847,xXx: Return of Xander Cage,2017-01-13,85000000.0,346118277.0,Action|Adventure|Crime,107,en,6.128,9323,5.2,101386.0,42.0,2.26,65847.0,xXx: Return of Xander Cage,True,True,True,,https://letterboxd.com/film/xxx-return-of-xander-cage/,200
10530,tt0114148,Pocahontas,1995-06-16,55000000.0,346079773.0,Adventure|Animation|Family|Romance,81,en,6.913,6191,6.7,215785.0,59.0,3.3,548830.0,Pocahontas,True,True,True,,https://letterboxd.com/film/pocahontas/,200
8871,tt0170016,How the Grinch Stole Christmas,2000-11-17,123000000.0,345800000.0,Family|Comedy|Fantasy,105,en,6.78,8443,6.4,331546.0,46.0,3.62,1252404.0,How the Grinch Stole Christmas,True,True,True,,https://letterboxd.com/film/how-the-grinch-stole-christmas-2000/,200
1228710,tt30825738,The Mandalorian and Grogu,2026-05-20,165000000.0,345166617.0,Action|Adventure|Science Fiction,132,en,7.482,1577,6.8,90056.0,53.0,3.08,555113.0,The Mandalorian and Grogu,True,True,True,,https://letterboxd.com/film/the-mandalorian-and-grogu/,200
188927,tt2660888,Star Trek Beyond,2016-07-07,185000000.0,343471816.0,Action|Adventure|Science Fiction,122,en,6.791,7249,7.0,268984.0,68.0,3.28,236559.0,Star Trek Beyond,True,True,True,,https://letterboxd.com/film/star-trek-beyond/,200
7518,tt0327084,Over the Hedge,2006-05-17,80000000.0,343397247.0,Adventure|Animation|Comedy|Family,83,en,6.609,4971,6.7,200382.0,67.0,3.37,494109.0,Over the Hedge,True,True,True,,https://letterboxd.com/film/over-the-hedge/,200
55301,tt1615918,Alvin and the Chipmunks: Chipwrecked,2011-12-14,75000000.0,342695435.0,Comedy|Fantasy|Family|Music|Animation,87,en,5.705,2395,4.4,43421.0,24.0,2.69,229246.0,Alvin and the Chipmunks: Chipwrecked,True,True,True,,https://letterboxd.com/film/alvin-and-the-chipmunks-chipwrecked/,200
8909,tt0493464,Wanted,2008-06-19,75000000.0,342463063.0,Action|Thriller|Crime,110,en,6.531,7773,6.7,425023.0,64.0,3.08,279520.0,Wanted,True,True,True,,https://letterboxd.com/film/wanted-2008/,200
888,tt0109813,The Flintstones,1994-05-27,46000000.0,341631208.0,Fantasy|Comedy|Family,91,en,5.4,2678,5.0,89753.0,38.0,2.61,105393.0,The Flintstones,True,True,True,,https://letterboxd.com/film/the-flintstones/,200
447332,tt6644200,A Quiet Place,2018-04-03,17000000.0,340955294.0,Horror|Drama|Science Fiction,91,en,7.395,15698,7.5,652123.0,82.0,3.64,2077506.0,A Quiet Place,True,True,True,,https://letterboxd.com/film/a-quiet-place-2018/,200
4523,tt0461770,Enchanted,2007-11-20,85000000.0,340487652.0,Comedy|Family|Fantasy|Romance,107,en,6.848,5816,7.1,227480.0,75.0,3.58,711674.0,Enchanted,True,True,True,,https://letterboxd.com/film/enchanted/,200
53182,tt1253863,300: Rise of an Empire,2014-03-05,110000000.0,337580051.0,Action|Drama|War,102,en,6.12,7112,6.2,327913.0,48.0,2.51,143095.0,300: Rise of an Empire,True,True,True,,https://letterboxd.com/film/300-rise-of-an-empire/,200
1147596,tt28258332,Article 20,2024-02-10,,337554287.0,Drama|Comedy,141,zh,6.877,57,7.0,1462.0,,3.12,1186.0,Article 20,True,True,True,,https://letterboxd.com/film/article-20/,200
695721,tt10545296,The Hunger Games: The Ballad of Songbirds & Snakes,2023-11-15,100000000.0,337371917.0,Science Fiction|Action,157,en,6.956,3664,6.6,179656.0,54.0,3.59,1992094.0,The Hunger Games: The Ballad of Songbirds & Snakes,True,True,True,,https://letterboxd.com/film/the-hunger-games-the-ballad-of-songbirds-snakes/,200
414,tt0112462,Batman Forever,1995-06-16,100000000.0,336529144.0,Action|Crime|Fantasy,121,en,5.46,5728,5.5,279237.0,54.0,2.58,361369.0,Batman Forever,True,True,True,,https://letterboxd.com/film/batman-forever/,200
9543,tt0473075,Prince of Persia: The Sands of Time,2010-05-19,200000000.0,336365676.0,Adventure|Fantasy|Action,116,en,6.312,7319,6.5,317247.0,50.0,2.62,189329.0,Prince of Persia: The Sands of Time,True,True,True,,https://letterboxd.com/film/prince-of-persia-the-sands-of-time/,200
4922,tt0421715,The Curious Case of Benjamin Button,2008-12-25,150000000.0,335802786.0,Drama|Fantasy|Romance,166,en,7.603,14014,7.8,740633.0,70.0,3.7,1103612.0,The Curious Case of Benjamin Button,True,True,True,,https://letterboxd.com/film/the-curious-case-of-benjamin-button/,200
9802,tt0117500,The Rock,1996-06-07,75000000.0,335062621.0,Action|Adventure|Thriller,137,en,7.157,5364,7.4,377015.0,58.0,3.6,198682.0,The Rock,True,True,True,,https://letterboxd.com/film/the-rock/,200
291805,tt3110958,Now You See Me 2,2016-06-02,120000000.0,334897606.0,Crime|Thriller,129,en,6.823,11792,6.4,357612.0,46.0,3.13,830702.0,Now You See Me 2,True,True,True,,https://letterboxd.com/film/now-you-see-me-2/,200
58574,tt1515091,Sherlock Holmes: A Game of Shadows,2011-11-22,125000000.0,334615000.0,Action|Adventure|Mystery,129,en,7.147,11141,7.4,498829.0,48.0,3.39,413251.0,Sherlock Holmes: A Game of Shadows,True,True,True,,https://letterboxd.com/film/sherlock-holmes-a-game-of-shadows/,200
479306,tt7431894,Never Say Die,2017-09-30,,334530869.0,Comedy|Fantasy,100,zh,6.0,90,6.2,1980.0,,2.97,923.0,Never Say Die,True,True,True,,https://letterboxd.com/film/never-say-die-2017/,200
1108211,tt17507018,Lost in the Stars,2023-06-22,9500000.0,334039200.0,Mystery|Crime|Thriller,122,zh,6.4,111,6.5,3327.0,,3.31,15580.0,Lost in the Stars,True,True,True,,https://letterboxd.com/film/lost-in-the-stars-2022/,200
116149,tt1109624,Paddington,2014-11-24,55000000.0,333960862.0,Comedy|Adventure|Family,95,en,7.125,4344,7.3,151982.0,77.0,3.8,1013253.0,Paddington,True,True,True,,https://letterboxd.com/film/paddington/,200
9738,tt0120667,Fantastic Four,2005-06-29,100000000.0,333535934.0,Action|Fantasy|Science Fiction,106,en,5.81,10200,5.7,373343.0,40.0,2.76,685547.0,Fantastic Four,True,True,True,,https://letterboxd.com/film/fantastic-four-2005/,200
714,tt0120347,Tomorrow Never Dies,1997-12-11,110000000.0,333011068.0,Adventure|Action|Thriller,119,en,6.389,3546,6.5,213704.0,52.0,3.11,147727.0,Tomorrow Never Dies,True,True,True,,https://letterboxd.com/film/tomorrow-never-dies/,200
87,tt0087469,Indiana Jones and the Temple of Doom,1984-05-23,28000000.0,333000000.0,Adventure|Action,118,en,7.309,10364,7.5,564776.0,57.0,3.67,840693.0,Indiana Jones and the Temple of Doom,True,True,True,,https://letterboxd.com/film/indiana-jones-and-the-temple-of-doom/,200
105864,tt1979388,The Good Dinosaur,2015-11-14,175000000.0,332207671.0,Adventure|Animation|Family,93,en,6.751,6147,6.7,138579.0,66.0,3.0,464303.0,The Good Dinosaur,True,True,True,,https://letterboxd.com/film/the-good-dinosaur/,200
331482,tt3281548,Little Women,2019-12-25,40000000.0,332103783.0,Drama|Romance,135,en,7.8,6996,7.8,283447.0,91.0,4.19,3029265.0,Little Women,True,True,True,,https://letterboxd.com/film/little-women-2019/,200
165,tt0096874,Back to the Future Part II,1989-11-22,40000000.0,332000000.0,Adventure|Comedy|Science Fiction,108,en,7.785,14265,7.8,620762.0,57.0,3.91,1195955.0,Back to the Future Part II,True,True,True,,https://letterboxd.com/film/back-to-the-future-part-ii/,200
1184918,tt29623480,The Wild Robot,2024-09-12,78000000.0,331982078.0,Family|Animation|Science Fiction|Adventure,102,en,8.306,6573,8.2,216281.0,85.0,4.21,1434734.0,The Wild Robot,True,True,True,,https://letterboxd.com/film/the-wild-robot/,200
311324,tt2034800,The Great Wall,2016-12-16,150000000.0,331957105.0,Action|Adventure|Fantasy,103,en,6.033,5668,5.9,157801.0,42.0,2.33,119337.0,The Great Wall,True,True,True,,https://letterboxd.com/film/the-great-wall-2016/,200
550988,tt6264654,Free Guy,2021-08-11,110000000.0,331526598.0,Comedy|Adventure|Science Fiction,115,en,7.437,10148,7.1,487068.0,62.0,3.02,1292618.0,Free Guy,True,True,True,,https://letterboxd.com/film/free-guy/,200
187017,tt2294449,22 Jump Street,2014-06-05,50000000.0,331333876.0,Crime|Comedy|Action,112,en,6.826,8709,7.0,436227.0,71.0,3.39,898800.0,22 Jump Street,True,True,True,,https://letterboxd.com/film/22-jump-street/,200
1597,tt0212338,Meet the Parents,2000-10-06,55000000.0,330444045.0,Comedy|Romance,108,en,6.7,6551,7.0,375598.0,73.0,3.36,448438.0,Meet the Parents,True,True,True,,https://letterboxd.com/film/meet-the-parents/,200
44214,tt0947798,Black Swan,2010-12-03,13000000.0,329398046.0,Drama|Thriller|Horror,108,en,7.683,15858,8.0,882921.0,79.0,4.17,3366031.0,Black Swan,True,True,True,,https://letterboxd.com/film/black-swan/,200
2133,tt0177971,The Perfect Storm,2000-06-29,130000000.0,328718434.0,Drama|Adventure|Action|Thriller,130,en,6.489,2653,6.5,186840.0,59.0,3.18,88510.0,The Perfect Storm,True,True,True,,https://letterboxd.com/film/the-perfect-storm/,200
458156,tt6146586,John Wick: Chapter 3 - Parabellum,2019-05-15,55000000.0,328349908.0,Action|Thriller|Crime,131,en,7.438,12055,7.4,476412.0,73.0,3.71,1066986.0,John Wick: Chapter 3 – Parabellum,True,True,True,,https://letterboxd.com/film/john-wick-chapter-3-parabellum/,200
9671,tt0090555,Crocodile Dundee,1986-09-26,5000000.0,328203506.0,Adventure|Comedy,97,en,6.445,2201,6.6,121915.0,62.0,3.09,77570.0,Crocodile Dundee,True,True,True,,https://letterboxd.com/film/crocodile-dundee/,200
807,tt0114369,Se7en,1995-09-22,33000000.0,327311859.0,Crime|Mystery|Thriller,127,en,8.4,23744,8.6,2017106.0,65.0,4.39,3967282.0,Se7en,True,True,True,,https://letterboxd.com/film/se7en/,200
350,tt0458352,The Devil Wears Prada,2006-06-29,35000000.0,326588371.0,Drama|Comedy,109,en,7.436,14216,7.0,545163.0,62.0,3.82,3577296.0,The Devil Wears Prada,True,True,True,,https://letterboxd.com/film/the-devil-wears-prada/,200
260346,tt2446042,Taken 3,2014-12-16,48000000.0,325800000.0,Thriller|Action,109,en,6.266,6279,6.0,213322.0,26.0,2.39,136607.0,Taken 3,True,True,True,,https://letterboxd.com/film/taken-3/,200
10545,tt0116583,The Hunchback of Notre Dame,1996-06-21,100000000.0,325300000.0,Drama|Animation|Family,91,en,7.136,5472,7.0,183121.0,74.0,3.76,444859.0,The Hunchback of Notre Dame,True,True,True,,https://letterboxd.com/film/the-hunchback-of-notre-dame-1996/,200
17979,tt1067106,A Christmas Carol,2009-11-04,200000000.0,325286646.0,Animation|Drama|Family|Fantasy,96,en,6.91,4983,6.8,136559.0,55.0,3.24,320659.0,A Christmas Carol,True,True,True,,https://letterboxd.com/film/a-christmas-carol-2009/,200
228165,tt2279373,The SpongeBob Movie: Sponge Out of Water,2015-01-28,74000000.0,325186032.0,Adventure|Animation|Comedy|Family|Fantasy,93,en,6.116,2598,6.0,66947.0,62.0,2.76,200170.0,The SpongeBob Movie: Sponge Out of Water,True,True,True,,https://letterboxd.com/film/the-spongebob-movie-sponge-out-of-water/,200
259693,tt3065204,The Conjuring 2,2016-06-08,40000000.0,322819915.0,Horror,134,en,7.295,9397,7.3,341821.0,65.0,3.48,1075752.0,The Conjuring 2,True,True,True,,https://letterboxd.com/film/the-conjuring-2/,200
38055,tt1001526,Megamind,2010-10-28,130000000.0,321885765.0,Animation|Action|Comedy|Family|Science Fiction,96,en,7.039,7679,7.3,322951.0,63.0,3.77,1277828.0,Megamind,True,True,True,,https://letterboxd.com/film/megamind/,200
490132,tt6966692,Green Book,2018-11-16,23000000.0,321752656.0,Drama|Comedy|History,130,en,8.223,13218,8.2,682124.0,69.0,3.89,1296110.0,Green Book,True,True,True,,https://letterboxd.com/film/green-book/,200
943,tt0104714,Lethal Weapon 3,1992-05-15,35000000.0,321731527.0,Action|Thriller|Crime,118,en,6.728,3360,6.7,187364.0,40.0,3.26,86557.0,Lethal Weapon 3,True,True,True,,https://letterboxd.com/film/lethal-weapon-3/,200
20943,tt1142988,The Ugly Truth,2009-07-24,38000000.0,321700000.0,Comedy|Romance,96,en,6.51,3838,6.4,240925.0,28.0,2.71,219696.0,The Ugly Truth,True,True,True,,https://letterboxd.com/film/the-ugly-truth/,200
20662,tt0955308,Robin Hood,2010-05-12,200000000.0,321669741.0,Action|Adventure|History|Drama,140,en,6.399,5140,6.6,294277.0,53.0,2.84,156960.0,Robin Hood,True,True,True,,https://letterboxd.com/film/robin-hood-2010/,200
16869,tt0361748,Inglourious Basterds,2009-08-02,70000000.0,321457747.0,Drama|Thriller|War,153,en,8.217,24732,8.4,1778290.0,69.0,4.37,3943096.0,Inglourious Basterds,True,True,True,,https://letterboxd.com/film/inglourious-basterds/,200
424,tt0108052,Schindler's List,1993-12-15,22000000.0,321365567.0,Drama|History|War,195,en,8.57,17889,9.0,1582378.0,95.0,4.54,1517992.0,Schindler's List,True,True,True,,https://letterboxd.com/film/schindlers-list/,200
138843,tt1457767,The Conjuring,2013-07-18,13000000.0,321293998.0,Horror|Thriller,112,en,7.5,13044,7.5,620597.0,68.0,3.64,2038873.0,The Conjuring,True,True,True,,https://letterboxd.com/film/the-conjuring/,200
11674,tt0115433,101 Dalmatians,1996-11-27,54000000.0,320689294.0,Family|Comedy,103,en,5.948,3720,5.8,123975.0,50.0,2.95,217982.0,101 Dalmatians,True,True,True,,https://letterboxd.com/film/101-dalmatians/,200
10998,tt0093010,Fatal Attraction,1987-09-18,14000000.0,320145693.0,Thriller|Drama|Romance,119,en,6.834,1751,6.9,109013.0,67.0,3.47,138701.0,Fatal Attraction,True,True,True,,https://letterboxd.com/film/fatal-attraction/,200
454626,tt3794354,Sonic the Hedgehog,2020-02-12,85000000.0,319715683.0,Action|Science Fiction|Comedy|Family,99,en,7.27,10569,6.5,192228.0,47.0,2.95,710860.0,Sonic the Hedgehog,True,True,True,,https://letterboxd.com/film/sonic-the-hedgehog/,200
10196,tt0938283,The Last Airbender,2010-06-30,150000000.0,319713881.0,Action|Adventure|Fantasy,103,en,4.641,4356,3.9,180350.0,20.0,1.2,297185.0,The Last Airbender,True,True,True,,https://letterboxd.com/film/the-last-airbender/,200
5255,tt0338348,The Polar Express,2004-11-10,165000000.0,318432432.0,Adventure|Animation|Family|Fantasy,100,en,6.725,7023,6.6,270029.0,61.0,3.34,946469.0,The Polar Express,True,True,True,,https://letterboxd.com/film/the-polar-express/,200
574475,tt9619824,Final Destination Bloodlines,2025-05-14,50000000.0,317854739.0,Horror|Mystery,110,en,7.032,3104,6.7,160018.0,73.0,3.22,1252391.0,Final Destination Bloodlines,True,True,True,,https://letterboxd.com/film/final-destination-bloodlines/,200
18240,tt1041829,The Proposal,2009-06-02,40000000.0,317400000.0,Comedy|Romance|Drama,108,en,7.18,7754,6.8,393239.0,48.0,3.39,1043136.0,The Proposal,True,True,True,,https://letterboxd.com/film/the-proposal-2009/,200
453,tt0268978,A Beautiful Mind,2001-12-14,58000000.0,316791257.0,Drama|Romance,135,en,7.852,11369,8.2,1052138.0,72.0,3.88,671718.0,A Beautiful Mind,True,True,True,,https://letterboxd.com/film/a-beautiful-mind/,200
90,tt0086960,Beverly Hills Cop,1984-12-05,14000000.0,316360478.0,Comedy|Crime|Action,105,en,7.213,4729,7.4,227862.0,66.0,3.64,254980.0,Beverly Hills Cop,True,True,True,,https://letterboxd.com/film/beverly-hills-cop/,200
9772,tt0118571,Air Force One,1997-07-25,85000000.0,315200000.0,Action|Thriller,124,en,6.467,3421,6.5,221851.0,62.0,3.26,146308.0,Air Force One,True,True,True,,https://letterboxd.com/film/air-force-one/,200
406997,tt2543472,Wonder,2017-11-13,20000000.0,315025930.0,Family|Drama,113,en,8.099,8390,7.9,195058.0,66.0,3.62,712749.0,Wonder,True,True,True,,https://letterboxd.com/film/wonder-2017/,200
916224,tt16428256,Suzume,2022-11-11,13000000.0,314992206.0,Animation|Drama|Adventure|Fantasy,122,ja,7.885,1839,7.6,60977.0,77.0,3.83,456347.0,Suzume,True,True,True,,https://letterboxd.com/film/suzume/,200
76163,tt1764651,The Expendables 2,2012-08-15,100000000.0,314975955.0,Action|Adventure|Thriller,103,en,6.355,7315,6.6,334324.0,51.0,2.8,158790.0,The Expendables 2,True,True,True,,https://letterboxd.com/film/the-expendables-2/,200
9982,tt0371606,Chicken Little,2005-11-04,150000000.0,314400000.0,Animation|Family|Comedy,81,en,5.92,4256,5.7,106831.0,48.0,2.9,555228.0,Chicken Little,True,True,True,,https://letterboxd.com/film/chicken-little-2005/,200
2898,tt0119822,As Good as It Gets,1997-12-19,50000000.0,314178011.0,Drama|Comedy|Romance,139,en,7.4,4237,7.7,336211.0,67.0,3.64,240102.0,As Good as It Gets,True,True,True,,https://letterboxd.com/film/as-good-as-it-gets/,200
546554,tt8946378,Knives Out,2019-11-27,40000000.0,312897920.0,Comedy|Crime|Mystery,131,en,7.843,14467,7.9,875016.0,82.0,3.96,4306601.0,Knives Out,True,True,True,,https://letterboxd.com/film/knives-out-2019/,200
294254,tt4046784,Maze Runner: The Scorch Trials,2015-09-09,61000000.0,312296056.0,Science Fiction|Action|Thriller|Adventure,131,en,6.732,11230,6.3,301523.0,43.0,3.18,835615.0,Maze Runner: The Scorch Trials,True,True,True,,https://letterboxd.com/film/maze-runner-the-scorch-trials/,200
173897,tt2592614,Resident Evil: The Final Chapter,2016-12-23,40000000.0,312242626.0,Action|Horror|Science Fiction,107,en,6.1,3587,5.5,108365.0,49.0,2.26,108803.0,Resident Evil: The Final Chapter,True,True,True,,https://letterboxd.com/film/resident-evil-the-final-chapter/,200
817,tt0145660,Austin Powers: The Spy Who Shagged Me,1999-06-08,33000000.0,312016928.0,Comedy|Adventure|Crime,95,en,6.323,3793,6.7,261446.0,59.0,3.34,297236.0,Austin Powers: The Spy Who Shagged Me,True,True,True,,https://letterboxd.com/film/austin-powers-the-spy-who-shagged-me/,200
1718705,,The Last Kingdom of Ash,,85000000.0,312000000.0,,128,en,0.0,0,,,,,,The Last Kingdom of Ash,False,True,,,https://letterboxd.com/film/the-last-kingdom-of-ash/,200
324849,tt4116284,The Lego Batman Movie,2017-02-08,80000000.0,311950384.0,Animation|Action|Comedy|Family,104,en,7.26,5561,7.3,190619.0,75.0,4.0,1209740.0,The Lego Batman Movie,True,True,True,,https://letterboxd.com/film/the-lego-batman-movie/,200
298,tt0496806,Ocean's Thirteen,2007-06-05,85000000.0,311312624.0,Crime|Thriller,122,en,6.732,7071,6.9,385455.0,62.0,3.44,442260.0,Ocean's Thirteen,True,True,True,,https://letterboxd.com/film/oceans-thirteen/,200
360814,tt5074352,Dangal,2016-12-21,10400000.0,311000000.0,Drama|Family|Comedy,161,hi,7.869,1216,8.3,239462.0,,3.95,104676.0,Dangal,True,True,True,,https://letterboxd.com/film/dangal/,200
39451,tt0970866,Little Fockers,2010-12-21,100000000.0,310650585.0,Comedy|Romance,98,en,5.664,3519,5.5,123972.0,27.0,2.54,148432.0,Little Fockers,True,True,True,,https://letterboxd.com/film/little-fockers/,200
13053,tt0397892,Bolt,2008-11-21,150000000.0,309979994.0,Animation|Family|Adventure|Comedy,98,en,6.553,6640,6.8,241714.0,67.0,3.24,737322.0,Bolt,True,True,True,,https://letterboxd.com/film/bolt/,200
4806,tt0163187,Runaway Bride,1999-07-30,70000000.0,309500000.0,Comedy|Romance,116,en,6.097,2215,5.6,109473.0,39.0,2.97,146086.0,Runaway Bride,True,True,True,,https://letterboxd.com/film/runaway-bride/,200
3595,tt0117438,Ransom,1996-11-08,80000000.0,309492681.0,Action|Thriller,121,en,6.696,2189,6.7,143263.0,61.0,3.31,60575.0,Ransom,True,True,True,,https://letterboxd.com/film/ransom/,200
22881,tt0878804,The Blind Side,2009-11-20,29000000.0,309231694.0,Drama,129,en,7.664,6981,7.6,383190.0,53.0,3.41,522103.0,The Blind Side,True,True,True,,https://letterboxd.com/film/the-blind-side/,200
1108427,tt27419466,Moana,2026-07-08,250000000.0,308159595.0,Family|Fantasy|Comedy|Adventure,115,en,7.045,539,5.8,14283.0,42.0,2.7,136474.0,Moana,True,True,True,,https://letterboxd.com/film/moana/,200
222935,tt2582846,The Fault in Our Stars,2014-06-03,14000000.0,307166834.0,Romance|Drama,126,en,7.59,11685,7.6,422816.0,69.0,3.24,827057.0,The Fault in Our Stars,True,True,True,,https://letterboxd.com/film/the-fault-in-our-stars/,200
1402,tt0454921,The Pursuit of Happyness,2006-12-14,55000000.0,307077295.0,Drama,117,en,7.883,10842,8.0,614482.0,64.0,4.02,1209955.0,The Pursuit of Happyness,True,True,True,,https://letterboxd.com/film/the-pursuit-of-happyness/,200
81188,tt1446192,Rise of the Guardians,2012-11-21,145000000.0,306941670.0,Action|Adventure|Animation|Family|Fantasy,97,en,7.379,7275,7.2,207985.0,58.0,3.66,529408.0,Rise of the Guardians,True,True,True,,https://letterboxd.com/film/rise-of-the-guardians/,200
840,tt0075860,Close Encounters of the Third Kind,1977-12-14,20000000.0,306889114.0,Science Fiction|Drama,137,en,7.359,4839,7.6,229698.0,90.0,3.82,356465.0,Close Encounters of the Third Kind,True,True,True,,https://letterboxd.com/film/close-encounters-of-the-third-kind/,200
1574,tt0299658,Chicago,2002-12-10,45000000.0,306776732.0,Comedy|Crime|Drama,113,en,7.132,2977,7.2,255013.0,81.0,4.04,533220.0,Chicago,True,True,True,,https://letterboxd.com/film/chicago/,200
396422,tt5140878,Annabelle: Creation,2017-08-03,15000000.0,306592201.0,Horror,110,en,6.608,6087,6.5,169544.0,62.0,3.06,412230.0,Annabelle: Creation,True,True,True,,https://letterboxd.com/film/annabelle-creation/,200
1391021,tt34386754,Once Upon a Time in the Middle East,2026-08-08,,305600000.0,Drama|War,140,zh,9.1,37,8.3,1083.0,,3.75,1594.0,Once Upon a Time in the Middle East,True,True,True,,https://letterboxd.com/film/once-upon-a-time-in-the-middle-east/,200
447200,tt5758778,Skyscraper,2018-07-11,125000000.0,304870828.0,Action|Thriller|Adventure,102,en,6.304,5442,5.8,143468.0,51.0,2.34,176817.0,Skyscraper,True,True,True,,https://letterboxd.com/film/skyscraper-2018/,200
47964,tt1606378,A Good Day to Die Hard,2013-02-06,92000000.0,304654182.0,Action|Thriller,98,en,5.326,6868,5.2,222360.0,28.0,1.87,101996.0,A Good Day to Die Hard,True,True,True,,https://letterboxd.com/film/a-good-day-to-die-hard/,200
10674,tt0120762,Mulan,1998-06-18,90000000.0,304320254.0,Animation|Family|Adventure,88,en,7.902,10662,7.7,343199.0,72.0,4.17,1397471.0,Mulan,True,True,True,,https://letterboxd.com/film/mulan/,200
274870,tt1355644,Passengers,2016-12-21,110000000.0,303144152.0,Drama|Romance|Science Fiction,116,en,6.955,14484,7.0,488312.0,41.0,2.93,750164.0,Passengers,True,True,True,,https://letterboxd.com/film/passengers-2016/,200
44833,tt1440129,Battleship,2012-04-11,209000000.0,303025485.0,Thriller|Action|Adventure|Science Fiction,131,en,5.934,6160,5.8,268384.0,41.0,2.31,129865.0,Battleship,True,True,True,,https://letterboxd.com/film/battleship/,200
12230,tt0055254,One Hundred and One Dalmatians,1961-01-25,3600000.0,303000000.0,Adventure|Animation|Comedy|Family,79,en,7.178,6770,7.3,195269.0,83.0,3.74,446890.0,One Hundred and One Dalmatians,True,True,True,,https://letterboxd.com/film/one-hundred-and-one-dalmatians/,200
1624,tt0119528,Liar Liar,1997-03-21,45000000.0,302710615.0,Comedy|Fantasy,86,en,6.718,6398,6.9,360402.0,70.0,3.35,459517.0,Liar Liar,True,True,True,,https://letterboxd.com/film/liar-liar/,200
14869,tt1046173,G.I. Joe: The Rise of Cobra,2009-08-03,175000000.0,302500000.0,Adventure|Action|Thriller|Science Fiction,118,en,5.783,5020,5.7,220928.0,32.0,2.35,119715.0,G.I. Joe: The Rise of Cobra,True,True,True,,https://letterboxd.com/film/gi-joe-the-rise-of-cobra/,200
57165,tt1646987,Wrath of the Titans,2012-03-28,150000000.0,301970083.0,Fantasy|Adventure|Action,99,en,5.774,4600,5.7,201440.0,37.0,2.38,103107.0,Wrath of the Titans,True,True,True,,https://letterboxd.com/film/wrath-of-the-titans/,200
1979,tt0486576,Fantastic Four: Rise of the Silver Surfer,2007-06-13,130000000.0,301913131.0,Science Fiction|Adventure|Action,92,en,5.635,8568,5.6,298723.0,45.0,2.54,486867.0,Fantastic Four: Rise of the Silver Surfer,True,True,True,,https://letterboxd.com/film/fantastic-four-rise-of-the-silver-surfer/,200
879,tt0102057,Hook,1991-04-10,70000000.0,300854823.0,Adventure|Fantasy|Comedy|Family,142,en,6.846,5866,6.8,289849.0,52.0,3.48,424801.0,Hook,True,True,True,,https://letterboxd.com/film/hook/,200
1924,tt0078346,Superman,1978-12-14,55000000.0,300478449.0,Science Fiction|Action|Adventure,144,en,7.166,4411,7.4,205928.0,82.0,3.73,280282.0,Superman,True,True,True,,https://letterboxd.com/film/superman/,200
1374,tt0089927,Rocky IV,1985-11-21,31000000.0,300473716.0,Drama|Action,91,en,7.096,4956,6.9,243290.0,40.0,3.78,371977.0,Rocky IV,True,True,True,,https://letterboxd.com/film/rocky-iv/,200
1369,tt0089880,Rambo: First Blood Part II,1985-05-21,44000000.0,300400432.0,Action|Adventure|Thriller|War,96,en,6.67,4458,6.5,194761.0,47.0,3.2,146886.0,Rambo: First Blood Part II,True,True,True,,https://letterboxd.com/film/rambo-first-blood-part-ii/,200
7131,tt0338526,Van Helsing,2004-05-03,160000000.0,300257475.0,Horror|Adventure|Action,132,en,6.426,6842,6.1,305501.0,35.0,2.9,285010.0,Van Helsing,True,True,True,,https://letterboxd.com/film/van-helsing/,200
35791,tt1220634,Resident Evil: Afterlife,2010-09-01,60000000.0,300228084.0,Action|Adventure|Horror|Science Fiction,97,en,6.1,4335,5.8,187721.0,37.0,2.55,132153.0,Resident Evil: Afterlife,True,True,True,,https://letterboxd.com/film/resident-evil-afterlife/,200
10137,tt0164912,Stuart Little,1999-12-17,133000000.0,300135367.0,Family|Fantasy|Comedy|Adventure,84,en,6.08,4749,6.0,157941.0,61.0,2.94,398183.0,Stuart Little,True,True,True,,https://letterboxd.com/film/stuart-little/,200
1709464,tt38084416,The Wizard of Oz at Sphere,2025-08-28,100000000.0,300000000.0,Adventure|Family|Fantasy,75,en,0.0,0,6.8,112.0,,,,,True,True,True,,https://letterboxd.com/tmdb/1709464/,200
96,tt0092644,Beverly Hills Cop II,1987-05-18,28000000.0,299965036.0,Action|Comedy|Crime,103,en,6.534,2906,6.6,147418.0,46.0,3.28,111368.0,Beverly Hills Cop II,True,True,True,,https://letterboxd.com/film/beverly-hills-cop-ii/,200
241259,tt2567026,Alice Through the Looking Glass,2016-05-25,170000000.0,299457024.0,Adventure|Family|Fantasy,113,en,6.567,6878,6.2,133655.0,34.0,2.99,343205.0,Alice Through the Looking Glass,True,True,True,,https://letterboxd.com/film/alice-through-the-looking-glass-2016/,200
39254,tt0433035,Real Steel,2011-09-28,110000000.0,299300000.0,Action|Science Fiction|Drama,127,en,7.142,9525,7.1,378495.0,56.0,3.53,402146.0,Real Steel,True,True,True,,https://letterboxd.com/film/real-steel/,200
8874,tt0119738,My Best Friend's Wedding,1997-06-19,38000000.0,299288605.0,Comedy|Romance,105,en,6.562,2959,6.4,164548.0,51.0,3.19,376917.0,My Best Friend's Wedding,True,True,True,,https://letterboxd.com/film/my-best-friends-wedding/,200
940551,tt6495056,Migration,2023-12-06,72000000.0,298776052.0,Family|Comedy|Adventure|Animation,83,en,7.357,2318,6.6,45901.0,56.0,3.13,195618.0,Migration,True,True,True,,https://letterboxd.com/film/migration-2023/,200
12222,tt0451079,Horton Hears a Who!,2008-03-03,85000000.0,298572799.0,Animation|Comedy|Family|Adventure|Fantasy,86,en,6.524,3621,6.8,157837.0,71.0,3.14,315739.0,Horton Hears a Who!,True,True,True,,https://letterboxd.com/film/horton-hears-a-who-2008/,200
402900,tt5164214,Ocean's Eight,2018-06-07,70000000.0,297718711.0,Crime|Comedy|Action,111,en,6.946,8978,6.3,257432.0,61.0,3.41,1035912.0,Ocean's Eight,True,True,True,,https://letterboxd.com/film/oceans-eight/,200
520763,tt8332922,A Quiet Place Part II,2021-05-21,55000000.0,297372261.0,Science Fiction|Thriller|Horror,97,en,7.428,7622,7.2,315806.0,71.0,3.41,1014172.0,A Quiet Place Part II,True,True,True,,https://letterboxd.com/film/a-quiet-place-part-ii/,200
507089,tt4589218,Five Nights at Freddy's,2023-10-25,20000000.0,297242145.0,Horror|Thriller,110,en,7.277,5182,5.4,135714.0,33.0,2.6,1671063.0,Five Nights at Freddy's,True,True,True,,https://letterboxd.com/film/five-nights-at-freddys/,200
262500,tt2908446,Insurgent,2015-03-18,110000000.0,297002527.0,Action|Science Fiction|Thriller,119,en,6.36,10588,6.2,269895.0,42.0,2.62,454389.0,Insurgent,True,True,True,,https://letterboxd.com/film/insurgent/,200
9494,tt0097778,Look Who's Talking,1989-10-12,7500000.0,296999813.0,Comedy|Romance,96,en,6.292,2529,5.9,88961.0,51.0,2.96,73145.0,Look Who's Talking,True,True,True,,https://letterboxd.com/film/look-whos-talking/,200
818,tt0295178,Austin Powers in Goldmember,2002-07-26,63000000.0,296938801.0,Comedy|Crime,94,en,6.019,3536,6.3,233424.0,62.0,3.09,256060.0,Austin Powers in Goldmember,True,True,True,,https://letterboxd.com/film/austin-powers-in-goldmember/,200
620,tt0087332,Ghostbusters,1984-06-08,30000000.0,296640120.0,Comedy|Fantasy,105,en,7.498,9980,7.8,490568.0,71.0,3.75,999386.0,Ghostbusters,True,True,True,,https://letterboxd.com/film/ghostbusters/,200
283366,tt1935859,Miss Peregrine's Home for Peculiar Children,2016-09-28,110000000.0,296482446.0,Adventure|Fantasy,127,en,6.841,10615,6.7,204494.0,57.0,3.37,758732.0,Miss Peregrine's Home for Peculiar Children,True,True,True,,https://letterboxd.com/film/miss-peregrines-home-for-peculiar-children/,200
36657,tt0120903,X-Men,2000-07-13,75000000.0,296339527.0,Adventure|Action|Science Fiction,104,en,7.022,12507,7.3,690803.0,64.0,3.35,1021980.0,X-Men,True,True,True,,https://letterboxd.com/film/x-men/,200
364689,tt3411444,Ferdinand,2017-12-09,111000000.0,295038508.0,Animation|Family|Adventure|Comedy,108,en,7.211,3159,6.7,70455.0,58.0,3.04,119470.0,Ferdinand,True,True,True,,https://letterboxd.com/film/ferdinand/,200
11324,tt1130884,Shutter Island,2010-02-14,80000000.0,294804195.0,Drama|Thriller|Mystery,138,en,8.197,26400,8.2,1644111.0,63.0,4.2,3765496.0,Shutter Island,True,True,True,,https://letterboxd.com/film/shutter-island/,200
3050,tt0118998,Doctor Dolittle,1998-06-26,71000000.0,294500000.0,Comedy|Family|Fantasy,85,en,5.73,3378,5.4,107260.0,46.0,2.73,123130.0,Doctor Dolittle,True,True,True,,https://letterboxd.com/film/doctor-dolittle-1998/,200
508883,tt6587046,The Boy and the Heron,2023-07-14,50000000.0,294200000.0,Animation|Fantasy|Drama,124,ja,7.379,2792,7.3,123968.0,91.0,3.9,1309188.0,The Boy and the Heron,True,True,True,,https://letterboxd.com/film/the-boy-and-the-heron/,200
27576,tt0944835,Salt,2010-07-21,110000000.0,293329073.0,Action|Mystery|Thriller,100,en,6.418,6063,6.5,341745.0,65.0,2.97,193649.0,Salt,True,True,True,,https://letterboxd.com/film/salt-2010/,200
19585,tt0436339,G-Force,2009-07-24,150000000.0,292817841.0,Family|Fantasy|Action|Adventure|Comedy,88,en,5.484,2050,5.1,52843.0,41.0,2.38,150383.0,G-Force,True,True,True,,https://letterboxd.com/film/g-force/,200
1422,tt0407887,The Departed,2006-10-04,90000000.0,291465000.0,Drama|Thriller|Crime,151,en,8.159,16617,8.5,1551506.0,85.0,4.35,1732862.0,The Departed,True,True,True,,https://letterboxd.com/film/the-departed/,200
2655,tt0161081,What Lies Beneath,2000-07-21,100000000.0,291420351.0,Drama|Horror|Mystery|Thriller,130,en,6.438,2088,6.6,141301.0,51.0,3.17,106539.0,What Lies Beneath,True,True,True,,https://letterboxd.com/film/what-lies-beneath/,200
37786,tt1261945,Sex and the City 2,2010-05-26,100000000.0,290700000.0,Comedy|Drama|Romance,146,en,6.038,1757,4.5,87275.0,27.0,2.35,155974.0,Sex and the City 2,True,True,True,,https://letterboxd.com/film/sex-and-the-city-2/,200
346648,tt4468740,Paddington 2,2017-11-09,40000000.0,290132513.0,Adventure|Comedy|Family,104,en,7.485,2890,7.8,111600.0,88.0,4.1,739948.0,Paddington 2,True,True,True,,https://letterboxd.com/film/paddington-2/,200
268896,tt2557478,Pacific Rim: Uprising,2018-03-21,150000000.0,290061297.0,Action|Fantasy|Science Fiction|Adventure,111,en,6.119,5483,5.6,135965.0,44.0,2.21,199835.0,Pacific Rim: Uprising,True,True,True,,https://letterboxd.com/film/pacific-rim-uprising/,200
1934,tt0138097,Shakespeare in Love,1998-12-11,25000000.0,289317794.0,Romance|History|Comedy|Drama,124,en,6.824,3276,7.1,240389.0,87.0,3.32,156150.0,Shakespeare in Love,True,True,True,,https://letterboxd.com/film/shakespeare-in-love/,200
157350,tt1840309,Divergent,2014-03-14,85000000.0,288885818.0,Action|Adventure|Science Fiction,140,en,6.9,13705,6.6,515954.0,48.0,3.11,995664.0,Divergent,True,True,True,,https://letterboxd.com/film/divergent/,200
9602,tt0094898,Coming to America,1988-06-29,30000000.0,288752301.0,Comedy|Romance,117,en,6.884,4869,7.1,238307.0,47.0,3.58,276916.0,Coming to America,True,True,True,,https://letterboxd.com/film/coming-to-america/,200
614934,tt3704428,Elvis,2022-06-22,85000000.0,288670284.0,Music|History|Drama,159,en,7.441,4008,7.3,259379.0,64.0,3.38,1145365.0,Elvis,True,True,True,,https://letterboxd.com/film/elvis-2022/,200
2502,tt0372183,The Bourne Supremacy,2004-07-23,75000000.0,288500217.0,Action|Drama|Thriller,108,en,7.334,8399,7.7,510436.0,73.0,3.63,332981.0,The Bourne Supremacy,True,True,True,,https://letterboxd.com/film/the-bourne-supremacy/,200
9522,tt0396269,Wedding Crashers,2005-07-13,40000000.0,288500000.0,Comedy|Romance,119,en,6.502,4825,7.0,395754.0,64.0,3.2,412504.0,Wedding Crashers,True,True,True,,https://letterboxd.com/film/wedding-crashers/,200
336843,tt4500922,Maze Runner: The Death Cure,2018-01-10,62000000.0,288418190.0,Science Fiction|Action|Adventure|Thriller,143,en,7.079,8567,6.3,188591.0,50.0,3.32,761575.0,Maze Runner: The Death Cure,True,True,True,,https://letterboxd.com/film/maze-runner-the-death-cure/,200
55721,tt1478338,Bridesmaids,2011-05-13,32500000.0,288383523.0,Comedy|Romance,125,en,6.509,4768,6.8,323706.0,75.0,3.43,733603.0,Bridesmaids,True,True,True,,https://letterboxd.com/film/bridesmaids/,200
8839,tt0112642,Casper,1995-05-26,50000000.0,287928194.0,Fantasy|Comedy|Family,100,en,6.3,5045,6.2,158144.0,49.0,3.19,304330.0,Casper,True,True,True,,https://letterboxd.com/film/casper/,200
5559,tt0389790,Bee Movie,2007-10-28,150000000.0,287594577.0,Family|Animation|Adventure|Comedy,91,en,6.053,5414,6.1,195239.0,54.0,3.01,900988.0,Bee Movie,True,True,True,,https://letterboxd.com/film/bee-movie/,200
2770,tt0252866,American Pie 2,2001-08-10,30000000.0,287553595.0,Comedy|Romance,111,en,6.269,5448,6.5,283386.0,43.0,3.03,242257.0,American Pie 2,True,True,True,,https://letterboxd.com/film/american-pie-2/,200
254470,tt2848292,Pitch Perfect 2,2015-05-07,29000000.0,287144079.0,Comedy|Music,115,en,6.84,5582,6.4,176393.0,63.0,3.15,612699.0,Pitch Perfect 2,True,True,True,,https://letterboxd.com/film/pitch-perfect-2/,200
497,tt0120689,The Green Mile,1999-12-10,60000000.0,286801374.0,Fantasy|Drama|Crime,189,en,8.506,19788,8.6,1557536.0,61.0,4.3,1480298.0,The Green Mile,True,True,True,,https://letterboxd.com/film/the-green-mile/,200
15121,tt0059742,The Sound of Music,1965-03-29,8200000.0,286214286.0,Drama|Family|Music|Romance,174,en,7.729,3732,8.1,289128.0,63.0,4.25,728025.0,The Sound of Music,True,True,True,,https://letterboxd.com/film/the-sound-of-music/,200
75612,tt1483013,Oblivion,2013-04-10,120000000.0,286168572.0,Action|Science Fiction|Adventure|Mystery,124,en,6.692,11810,7.0,583313.0,54.0,3.16,324346.0,Oblivion,True,True,True,,https://letterboxd.com/film/oblivion-2013/,200
68724,tt1535108,Elysium,2013-08-07,115000000.0,286140700.0,Science Fiction|Action|Drama|Thriller,109,en,6.526,9806,6.6,489527.0,61.0,2.97,278576.0,Elysium,True,True,True,,https://letterboxd.com/film/elysium-2013/,200
944,tt0122151,Lethal Weapon 4,1998-07-10,140000000.0,285444603.0,Action|Crime|Thriller,127,en,6.607,3060,6.6,179234.0,39.0,3.16,75280.0,Lethal Weapon 4,True,True,True,,https://letterboxd.com/film/lethal-weapon-4/,200
49529,tt0401729,John Carter,2012-03-07,263700000.0,284100000.0,Action|Adventure|Science Fiction,132,en,6.385,6277,6.6,294974.0,51.0,2.79,160780.0,John Carter,True,True,True,,https://letterboxd.com/film/john-carter/,200
591273,tt6566576,Fear Street: 1994,2021-06-28,10000000.0,284000000.0,Horror|Mystery|Drama,108,en,6.683,2745,6.2,109099.0,67.0,3.19,770043.0,Fear Street: 1994,True,True,True,,https://letterboxd.com/film/fear-street-1994/,200
77950,tt1860353,Turbo,2013-07-11,135000000.0,282570682.0,Animation|Family,96,en,6.281,3782,6.4,123630.0,58.0,2.78,328449.0,Turbo,True,True,True,,https://letterboxd.com/film/turbo/,200
634,tt0243155,Bridget Jones's Diary,2001-04-13,25000000.0,281929795.0,Comedy|Romance|Drama,97,en,6.74,5622,6.8,284343.0,66.0,3.48,867195.0,Bridget Jones's Diary,True,True,True,,https://letterboxd.com/film/bridget-joness-diary/,200
350312,tt4849438,Bāhubali 2: The Conclusion,2017-04-27,31000000.0,280700000.0,Action|Adventure|Fantasy,167,te,7.494,882,8.2,132342.0,,3.87,55118.0,Bāhubali 2: The Conclusion,True,True,True,,https://letterboxd.com/film/bahubali-2-the-conclusion/,200
364,tt0103776,Batman Returns,1992-06-19,80000000.0,280000000.0,Action|Fantasy,126,en,6.95,7263,7.1,348538.0,68.0,3.6,537823.0,Batman Returns,True,True,True,,https://letterboxd.com/film/batman-returns/,200
37710,tt1243957,The Tourist,2010-12-08,100000000.0,278731369.0,Action|Thriller|Romance,103,en,6.188,5851,6.0,266981.0,37.0,2.69,193160.0,The Tourist,True,True,True,,https://letterboxd.com/film/the-tourist/,200
381288,tt4972582,Split,2017-01-19,9000000.0,278454358.0,Horror|Thriller,117,en,7.341,18611,7.3,616174.0,63.0,3.54,1949610.0,Split,True,True,True,,https://letterboxd.com/film/split-2016/,200
299824,tt4276752,Mojin: The Lost Legend,2015-12-18,37000000.0,278300000.0,Action|Adventure|Fantasy|Drama|Horror|Mystery|Thriller,127,zh,6.2,267,5.9,4680.0,48.0,2.89,1698.0,Mojin: The Lost Legend,True,True,True,,https://letterboxd.com/film/mojin-the-lost-legend/,200
4247,tt0175142,Scary Movie,2000-07-07,19000000.0,278023280.0,Comedy,88,en,6.429,8130,6.3,319036.0,48.0,3.25,1026884.0,Scary Movie,True,True,True,,https://letterboxd.com/film/scary-movie-2000/,200
7451,tt0295701,xXx,2002-08-09,70000000.0,277448382.0,Action|Adventure|Thriller|Crime|Drama,124,en,5.988,5024,5.9,192071.0,48.0,2.56,95625.0,xXx,True,True,True,,https://letterboxd.com/film/xxx/,200
49040,tt1194173,The Bourne Legacy,2012-08-08,130000000.0,276600000.0,Action|Thriller,135,en,6.252,6272,6.6,325874.0,61.0,2.85,144834.0,The Bourne Legacy,True,True,True,,https://letterboxd.com/film/the-bourne-legacy/,200
1228564,tt29632994,Boonie Bears: Time Twist,2024-02-10,40000000.0,275815986.0,Animation|Comedy|Science Fiction|Family,105,zh,8.0,9,5.9,199.0,,3.19,219.0,Boonie Bears: Time Twist,True,True,True,,https://letterboxd.com/film/boonie-bears-time-twist/,200
9637,tt0267913,Scooby-Doo,2002-06-14,84000000.0,275650703.0,Mystery|Adventure|Comedy,87,en,6.1,4880,5.4,138973.0,35.0,3.45,873354.0,Scooby-Doo,True,True,True,,https://letterboxd.com/film/scooby-doo/,200
677179,tt11145118,Creed III,2023-03-01,75000000.0,275300000.0,Drama|Action,116,en,7.087,2971,6.7,104903.0,73.0,3.44,475401.0,Creed III,True,True,True,,https://letterboxd.com/film/creed-iii/,200
72976,tt0443272,Lincoln,2012-11-09,65000000.0,275300000.0,History|Drama,150,en,6.841,4141,7.3,283599.0,87.0,3.59,233982.0,Lincoln,True,True,True,,https://letterboxd.com/film/lincoln/,200
129,tt0245429,Spirited Away,2001-07-20,19000000.0,274925095.0,Animation|Family|Fantasy,125,ja,8.534,18874,8.6,964088.0,96.0,4.43,3993189.0,Spirited Away,True,True,True,,https://letterboxd.com/film/spirited-away/,200
1995,tt0146316,Lara Croft: Tomb Raider,2001-06-15,115000000.0,274703340.0,Adventure|Action|Fantasy,100,en,5.917,6664,5.8,229645.0,33.0,2.73,206132.0,Lara Croft: Tomb Raider,True,True,True,,https://letterboxd.com/film/lara-croft-tomb-raider/,200
338970,tt1365519,Tomb Raider,2018-03-05,94000000.0,274650803.0,Action|Adventure|Fantasy,118,en,6.363,8504,6.3,241327.0,48.0,2.78,248531.0,Tomb Raider,True,True,True,,https://letterboxd.com/film/tomb-raider/,200
27578,tt1320253,The Expendables,2010-08-07,80000000.0,274470394.0,Thriller|Adventure|Action,103,en,6.252,8459,6.4,380153.0,45.0,2.79,219168.0,The Expendables,True,True,True,,https://letterboxd.com/film/the-expendables/,200
1321624,tt33028976,731,2025-09-18,,273896228.0,Drama|War,125,zh,5.3,24,3.3,1622.0,,2.56,1006.0,731,True,True,True,,https://letterboxd.com/film/731-evil-unbound/,200
9390,tt0116695,Jerry Maguire,1996-12-13,50000000.0,273600000.0,Comedy|Drama|Romance,139,en,7.002,3870,7.3,308588.0,77.0,3.61,417757.0,Jerry Maguire,True,True,True,,https://letterboxd.com/film/jerry-maguire/,200
8961,tt0172156,Bad Boys II,2003-07-18,130000000.0,273339556.0,Action|Crime|Comedy,146,en,6.659,6104,6.6,288014.0,38.0,3.3,248314.0,Bad Boys II,True,True,True,,https://letterboxd.com/film/bad-boys-ii/,200
11544,tt0275847,Lilo & Stitch,2002-06-21,80000000.0,273144151.0,Animation|Family|Comedy|Science Fiction,85,en,7.559,7235,7.4,243669.0,75.0,4.06,1130975.0,Lilo & Stitch,True,True,True,,https://letterboxd.com/film/lilo-stitch/,200
82703,tt0864835,Mr. Peabody & Sherman,2014-02-07,145000000.0,272912430.0,Animation|Science Fiction|Comedy|Adventure|Family,92,en,6.733,2599,6.7,83043.0,59.0,3.39,256362.0,Mr. Peabody & Sherman,True,True,True,,https://letterboxd.com/film/mr-peabody-sherman/,200
274,tt0102926,The Silence of the Lambs,1991-02-14,19000000.0,272742922.0,Crime|Thriller|Drama,119,en,8.345,18478,8.6,1718588.0,86.0,4.34,3334204.0,The Silence of the Lambs,True,True,True,,https://letterboxd.com/film/the-silence-of-the-lambs/,200
38365,tt1375670,Grown Ups,2010-06-24,80000000.0,271457606.0,Comedy,102,en,6.436,6869,6.0,309387.0,30.0,3.38,1023879.0,Grown Ups,True,True,True,,https://letterboxd.com/film/grown-ups/,200
298618,tt0439572,The Flash,2023-06-13,220000000.0,271333313.0,Action|Science Fiction|Adventure,144,en,6.608,5240,6.6,251019.0,55.0,2.44,668676.0,The Flash,True,True,True,,https://letterboxd.com/film/the-flash/,200
10198,tt0780521,The Princess and the Frog,2009-12-08,105000000.0,270997378.0,Animation|Romance|Fantasy|Family,98,en,7.235,6271,7.2,184917.0,73.0,4.0,1166837.0,The Princess and the Frog,True,True,True,,https://letterboxd.com/film/the-princess-and-the-frog/,200
195589,tt2004420,Neighbors,2014-05-08,18000000.0,270665134.0,Comedy,97,en,6.178,7404,6.3,344066.0,68.0,2.92,435678.0,Neighbors,True,True,True,,https://letterboxd.com/film/neighbors-2014/,200
37233,tt0106918,The Firm,1993-06-30,42000000.0,270248367.0,Drama|Mystery|Thriller,154,en,6.747,2401,6.9,160376.0,58.0,3.48,151459.0,The Firm,True,True,True,,https://letterboxd.com/film/the-firm-1993/,200
138832,tt1723121,We're the Millers,2013-08-07,37000000.0,270000000.0,Comedy|Crime,110,en,6.84,9649,7.0,520762.0,44.0,3.34,815763.0,We're the Millers,True,True,True,,https://letterboxd.com/film/were-the-millers/,200
13223,tt1205489,Gran Torino,2008-12-12,33000000.0,270000000.0,Drama,116,en,7.988,11805,8.1,854482.0,73.0,3.84,533301.0,Gran Torino,True,True,True,,https://letterboxd.com/film/gran-torino/,200
6964,tt0337741,Something's Gotta Give,2003-12-12,80000000.0,270000000.0,Drama|Comedy|Romance,128,en,6.6,1826,6.8,138041.0,66.0,3.26,142173.0,Something's Gotta Give,True,True,True,,https://letterboxd.com/film/somethings-gotta-give/,200
1078605,tt26581740,Weapons,2025-08-04,38000000.0,269972492.0,Horror|Mystery,129,en,7.257,3911,7.4,349399.0,81.0,3.58,3269438.0,Weapons,True,True,True,,https://letterboxd.com/film/weapons-2025/,200
7840,tt0443649,"10,000 BC",2008-03-04,105000000.0,269784201.0,Adventure|Action|Drama|Fantasy,109,en,5.51,3248,5.1,139178.0,34.0,2.1,56719.0,"10,000 BC",True,True,True,,https://letterboxd.com/film/10000-bc/,200
4982,tt0765429,American Gangster,2007-11-02,100000000.0,269755430.0,Drama|Crime,157,en,7.597,6220,7.8,483108.0,76.0,3.96,406564.0,American Gangster,True,True,True,,https://letterboxd.com/film/american-gangster/,200
968051,tt10160976,The Nun II,2023-09-06,38500000.0,269670590.0,Horror,110,en,6.625,2575,5.6,77794.0,47.0,2.45,446474.0,The Nun II,True,True,True,,https://letterboxd.com/film/the-nun-ii/,200
116711,tt0848537,Epic,2013-05-15,100000000.0,268426634.0,Animation|Adventure|Family|Fantasy,102,en,6.562,3005,6.6,113984.0,52.0,3.11,168031.0,Epic,True,True,True,,https://letterboxd.com/film/epic/,200
147441,tt1528100,Exodus: Gods and Kings,2014-12-03,140000000.0,268031828.0,Adventure|Drama|Action,150,en,5.884,4940,6.0,186124.0,52.0,2.53,94752.0,Exodus: Gods and Kings,True,True,True,,https://letterboxd.com/film/exodus-gods-and-kings/,200
3170,tt0034492,Bambi,1942-08-14,858000.0,267447150.0,Animation|Drama|Family,70,en,7.015,6127,7.3,163247.0,91.0,3.57,474997.0,Bambi,True,True,True,,https://letterboxd.com/film/bambi/,200
4478,tt0107211,Indecent Proposal,1993-04-07,38000000.0,266614059.0,Romance|Drama,117,en,6.41,1668,6.0,82430.0,45.0,2.91,69511.0,Indecent Proposal,True,True,True,,https://letterboxd.com/film/indecent-proposal/,200
9801,tt0317198,Bridget Jones: The Edge of Reason,2004-11-10,40000000.0,265126918.0,Comedy|Romance,108,en,6.227,3079,6.0,132520.0,44.0,3.06,289153.0,Bridget Jones: The Edge of Reason,True,True,True,,https://letterboxd.com/film/bridget-jones-the-edge-of-reason/,200
1724,tt0800080,The Incredible Hulk,2008-06-12,150000000.0,264770996.0,Science Fiction|Action|Adventure,114,en,6.26,13120,6.6,563613.0,61.0,2.58,1023938.0,The Incredible Hulk,True,True,True,,https://letterboxd.com/film/the-incredible-hulk/,200
9804,tt0114898,Waterworld,1995-07-28,175000000.0,264218220.0,Adventure|Action|Science Fiction,135,en,6.237,4218,6.3,222867.0,56.0,2.94,129351.0,Waterworld,True,True,True,,https://letterboxd.com/film/waterworld/,200
37165,tt0120382,The Truman Show,1998-06-04,60000000.0,264118712.0,Comedy|Drama,103,en,8.158,20816,8.2,1356843.0,90.0,4.22,5292927.0,The Truman Show,True,True,True,,https://letterboxd.com/film/the-truman-show/,200
4327,tt0160127,Charlie's Angels,2000-11-02,92000000.0,264105545.0,Action|Comedy|Adventure,98,en,5.853,4630,5.6,206779.0,52.0,3.26,433776.0,Charlie's Angels,True,True,True,,https://letterboxd.com/film/charlies-angels/,200
18,tt0119116,The Fifth Element,1997-05-02,90000000.0,263920180.0,Science Fiction|Action|Adventure,126,fr,7.591,12127,7.6,539521.0,52.0,3.77,614357.0,The Fifth Element,True,True,True,,https://letterboxd.com/film/the-fifth-element/,200
11224,tt0042332,Cinderella,1950-02-22,2900000.0,263600000.0,Family|Fantasy|Animation|Romance,74,en,7.053,7278,7.3,184195.0,85.0,3.58,530419.0,Cinderella,True,True,True,,https://letterboxd.com/film/cinderella/,200
8844,tt0113497,Jumanji,1995-12-15,65000000.0,262821940.0,Adventure|Fantasy|Family,104,en,7.25,11546,7.1,408456.0,41.0,3.67,960201.0,Jumanji,True,True,True,,https://letterboxd.com/film/jumanji/,200
496,tt0443453,Borat: Cultural Learnings of America for Make Benefit Glorious Nation of Kazakhstan,2006-11-01,18000000.0,262552893.0,Comedy,84,en,6.789,6151,7.4,472912.0,89.0,3.72,915582.0,Borat: Cultural Learnings of America for Make Benefit Glorious Nation of Kazakhstan,True,True,True,,https://letterboxd.com/film/borat-cultural-learnings-of-america-for-make-benefit-glorious-nation-of-kazakhstan/,200
9928,tt0358082,Robots,2005-03-10,75000000.0,262511490.0,Animation|Comedy|Family|Science Fiction,90,en,6.504,5057,6.4,173700.0,64.0,3.4,564095.0,Robots,True,True,True,,https://letterboxd.com/film/robots/,200
37834,tt1013743,Knight and Day,2010-06-15,117000000.0,261989769.0,Action|Comedy,109,en,6.238,5029,6.3,224032.0,46.0,2.89,187665.0,Knight and Day,True,True,True,,https://letterboxd.com/film/knight-and-day/,200
762441,tt13433802,A Quiet Place: Day One,2024-06-26,67000000.0,261907653.0,Horror|Science Fiction|Thriller,100,en,6.631,3556,6.2,182611.0,68.0,3.14,1006180.0,A Quiet Place: Day One,True,True,True,,https://letterboxd.com/film/a-quiet-place-day-one/,200
1160164,tt28814949,TAYLOR SWIFT | THE ERAS TOUR,2023-10-13,15000000.0,261656269.0,Music,169,en,8.167,536,8.0,25423.0,82.0,4.31,335508.0,Taylor Swift: The Eras Tour,True,True,True,,https://letterboxd.com/film/taylor-swift-the-eras-tour/,200
861,tt0100802,Total Recall,1990-06-01,65000000.0,261317921.0,Action|Adventure|Science Fiction,113,en,7.329,6678,7.5,378339.0,60.0,3.82,365458.0,Total Recall,True,True,True,,https://letterboxd.com/film/total-recall/,200
568124,tt2953050,Encanto,2021-10-13,150000000.0,261292688.0,Animation|Comedy|Family|Fantasy,102,en,7.566,10393,7.2,301547.0,75.0,3.47,1680271.0,Encanto,True,True,True,,https://letterboxd.com/film/encanto/,200
13576,tt1477715,This Is It,2009-10-28,60000000.0,261200000.0,Music|Documentary,111,en,7.359,1103,7.2,42930.0,67.0,3.62,42559.0,This Is It,True,True,True,,https://letterboxd.com/film/this-is-it-2009/,200
290859,tt6450804,Terminator: Dark Fate,2019-10-23,185000000.0,261119292.0,Science Fiction|Action|Adventure|Thriller,128,en,6.421,5845,6.2,210760.0,54.0,2.59,204302.0,Terminator: Dark Fate,True,True,True,,https://letterboxd.com/film/terminator-dark-fate/,200
57201,tt1210819,The Lone Ranger,2013-07-03,215000000.0,260502115.0,Action|Adventure|Western,149,en,6.131,6270,6.4,252056.0,37.0,2.75,166827.0,The Lone Ranger,True,True,True,,https://letterboxd.com/film/the-lone-ranger/,200
37686,tt1650062,Super 8,2011-06-09,50000000.0,260100000.0,Thriller|Science Fiction|Mystery,112,en,6.784,7269,7.0,379157.0,72.0,3.53,353642.0,Super 8,True,True,True,,https://letterboxd.com/film/super-8/,200
424139,tt1502407,Halloween,2018-10-18,10000000.0,259939869.0,Horror|Thriller,106,en,6.561,5147,6.5,185764.0,67.0,3.22,560083.0,Halloween,True,True,True,,https://letterboxd.com/film/halloween-2018/,200
335984,tt1856101,Blade Runner 2049,2017-10-04,150000000.0,259239658.0,Science Fiction|Drama,164,en,7.605,15650,8.0,751317.0,81.0,4.1,2329579.0,Blade Runner 2049,True,True,True,,https://letterboxd.com/film/blade-runner-2049/,200
9471,tt0305357,Charlie's Angels: Full Throttle,2003-06-25,120000000.0,259175788.0,Action|Adventure|Comedy,106,en,5.484,3367,4.9,138017.0,48.0,3.0,157905.0,Charlie's Angels: Full Throttle,True,True,True,,https://letterboxd.com/film/charlies-angels-full-throttle/,200
62351,tt0050139,The Dollars Are Coming!,1957-03-29,,258388291.0,Comedy,82,it,6.818,33,6.6,189.0,,3.35,216.0,The Dollars Are Coming!,True,True,True,,https://letterboxd.com/film/the-dollars-are-coming/,200
5174,tt0293564,Rush Hour 3,2007-08-08,140000000.0,258097122.0,Action|Comedy|Crime,90,en,6.501,3845,6.3,197947.0,44.0,3.08,243137.0,Rush Hour 3,True,True,True,,https://letterboxd.com/film/rush-hour-3/,200
783675,tt15242330,The First Slam Dunk,2022-12-03,,258000000.0,Animation|Comedy|Drama,125,ja,7.76,564,8.0,12617.0,79.0,4.25,83940.0,The First Slam Dunk,True,True,True,,https://letterboxd.com/film/the-first-slam-dunk/,200
9427,tt0119164,The Full Monty,1997-08-13,3500000.0,257850122.0,Comedy,91,en,7.004,1848,7.2,119156.0,75.0,3.73,100188.0,The Full Monty,True,True,True,,https://letterboxd.com/film/the-full-monty/,200
496243,tt6751668,Parasite,2019-05-30,11363000.0,257591776.0,Comedy|Thriller|Drama,133,ko,8.49,21281,8.5,1148210.0,97.0,4.52,5834607.0,Parasite,True,True,True,,https://letterboxd.com/film/parasite-2019/,200
250546,tt3322940,Annabelle,2014-10-01,6500000.0,257589952.0,Horror,99,en,5.791,6654,5.5,195314.0,37.0,2.55,598005.0,Annabelle,True,True,True,,https://letterboxd.com/film/annabelle/,200
6947,tt0368447,The Village,2004-07-30,60000000.0,256700000.0,Drama|Mystery|Thriller,108,en,6.495,4716,6.6,290036.0,44.0,3.38,349568.0,The Village,True,True,True,,https://letterboxd.com/film/the-village/,200
462,tt0195685,Erin Brockovich,2000-03-17,52000000.0,256271286.0,Drama,131,en,7.427,3752,7.5,243561.0,73.0,3.91,437933.0,Erin Brockovich,True,True,True,,https://letterboxd.com/film/erin-brockovich/,200
458723,tt6857112,Us,2019-03-14,20000000.0,256071218.0,Horror|Mystery,116,en,6.937,8278,6.8,390771.0,81.0,3.63,2507566.0,Us,True,True,True,,https://letterboxd.com/film/us-2019/,200
575219,tt9597190,Pegasus,2019-02-05,40000000.0,255863112.0,Comedy|Action,98,zh,6.64,125,6.3,2797.0,,3.06,2246.0,Pegasus,True,True,True,,https://letterboxd.com/film/pegasus-2019/,200
14306,tt0822832,Marley & Me,2008-12-25,60000000.0,255700000.0,Comedy|Family,115,en,7.173,4872,7.0,173575.0,53.0,3.46,281973.0,Marley & Me,True,True,True,,https://letterboxd.com/film/marley-me/,200
419430,tt5052448,Get Out,2017-02-24,4500000.0,255407969.0,Mystery|Thriller|Horror,104,en,7.625,19317,7.8,814293.0,85.0,4.13,4748815.0,Get Out,True,True,True,,https://letterboxd.com/film/get-out-2017/,200
9350,tt0106582,Cliffhanger,1993-05-28,70000000.0,255000211.0,Action|Adventure|Thriller,113,en,6.522,2731,6.5,146934.0,59.0,3.24,75402.0,Cliffhanger,True,True,True,,https://letterboxd.com/film/cliffhanger/,200
1022796,tt11304740,Wish,2023-11-13,175000000.0,254997360.0,Animation|Family|Fantasy|Adventure,95,en,6.22,1833,5.5,49621.0,47.0,2.26,233097.0,Wish,True,True,True,,https://letterboxd.com/film/wish-2023/,200
748783,tt5779228,The Garfield Movie,2024-04-30,60000000.0,254907482.0,Adventure|Animation|Comedy|Family,101,en,6.95,1501,5.7,26657.0,31.0,2.56,191254.0,The Garfield Movie,True,True,True,,https://letterboxd.com/film/the-garfield-movie/,200
383785,tt4217392,Kung Fu Yoga,2017-01-27,65000000.0,254212245.0,Comedy|Mystery|Family|Action|Adventure,107,zh,5.9,444,5.2,12237.0,50.0,2.33,7240.0,Kung Fu Yoga,True,True,True,,https://letterboxd.com/film/kung-fu-yoga/,200
9598,tt0112431,Babe,1995-07-18,30000000.0,254100000.0,Fantasy|Drama|Comedy|Family,92,en,6.295,3204,6.9,141471.0,83.0,3.46,201543.0,Babe,True,True,True,,https://letterboxd.com/film/babe/,200
479455,tt2283336,Men in Black: International,2019-06-12,110000000.0,253890701.0,Comedy|Science Fiction|Action|Adventure,115,en,5.891,5494,5.6,159188.0,38.0,2.23,251313.0,Men in Black: International,True,True,True,,https://letterboxd.com/film/men-in-black-international/,200
945664,tt15801594,Lighting Up the Stars,2022-06-24,8800000.0,253816909.0,Drama,112,zh,7.414,58,7.5,2476.0,,3.92,7730.0,Lighting Up the Stars,True,True,True,,https://letterboxd.com/film/lighting-up-the-stars/,200
11199,tt0486946,Wild Hogs,2007-03-02,60000000.0,253625427.0,Action|Adventure|Comedy,100,en,5.973,2512,5.9,126862.0,27.0,2.49,64973.0,Wild Hogs,True,True,True,,https://letterboxd.com/film/wild-hogs/,200
11887,tt0962726,High School Musical 3: Senior Year,2008-10-11,11000000.0,252909177.0,Comedy|Drama|Family,112,en,6.539,3647,5.1,73485.0,57.0,3.32,430771.0,High School Musical 3: Senior Year,True,True,True,,https://letterboxd.com/film/high-school-musical-3-senior-year/,200
11970,tt0119282,Hercules,1997-06-13,85000000.0,252712101.0,Animation|Family|Fantasy|Adventure|Comedy|Romance,93,en,7.498,8096,7.3,277130.0,74.0,3.86,1002341.0,Hercules,True,True,True,,https://letterboxd.com/film/hercules-1997/,200
1089654,tt27922374,Chang'an,2023-07-02,,252520750.0,Animation|History,168,zh,7.642,67,7.5,1755.0,,3.55,1625.0,Chang'an,True,True,True,,https://letterboxd.com/film/changan/,200
320288,tt6565702,Dark Phoenix,2019-06-05,200000000.0,252442974.0,Science Fiction|Action|Adventure,114,en,5.958,7288,5.7,227430.0,43.0,2.13,523924.0,Dark Phoenix,True,True,True,,https://letterboxd.com/film/dark-phoenix/,200
44264,tt1403865,True Grit,2010-12-22,38000000.0,252300000.0,Drama|Adventure|Western,110,en,7.305,5913,7.6,370062.0,80.0,3.85,383664.0,True Grit,True,True,True,,https://letterboxd.com/film/true-grit-2010/,200
448119,tt6673612,Dolittle,2020-01-02,175000000.0,251410631.0,Family|Comedy|Fantasy|Adventure,101,en,6.571,3949,5.6,78473.0,26.0,2.24,173138.0,Dolittle,True,True,True,,https://letterboxd.com/film/dolittle/,200
1281,tt0118689,Bean,1997-07-03,18000000.0,251212670.0,Family|Adventure|Comedy,89,en,6.48,2659,6.5,115203.0,52.0,3.26,95610.0,Bean,True,True,True,,https://letterboxd.com/film/bean/,200
168672,tt1800241,American Hustle,2013-12-12,40000000.0,251171807.0,Drama|Crime,138,en,6.852,7898,7.2,515479.0,90.0,3.35,426870.0,American Hustle,True,True,True,,https://letterboxd.com/film/american-hustle/,200
9489,tt0128853,You've Got Mail,1998-12-18,65000000.0,250800000.0,Comedy|Romance,119,en,6.71,3746,6.7,244152.0,58.0,3.56,422479.0,You've Got Mail,True,True,True,,https://letterboxd.com/film/youve-got-mail/,200
508,tt0314331,Love Actually,2003-09-07,40000000.0,250779876.0,Comedy|Romance|Drama,135,en,7.1,7545,7.5,577665.0,55.0,3.51,1281287.0,Love Actually,True,True,True,,https://letterboxd.com/film/love-actually/,200
9798,tt0120660,Enemy of the State,1998-11-20,90000000.0,250649836.0,Action|Drama|Thriller,132,en,7.081,4414,7.3,272421.0,67.0,3.51,121487.0,Enemy of the State,True,True,True,,https://letterboxd.com/film/enemy-of-the-state/,200
678512,tt7599146,Sound of Freedom,2023-07-03,14500000.0,250600000.0,Action|Drama,131,en,7.951,2832,7.6,136097.0,36.0,3.39,134999.0,Sound of Freedom,True,True,True,,https://letterboxd.com/film/sound-of-freedom/,200
2486,tt0449010,Eragon,2006-12-14,100000000.0,250425512.0,Fantasy|Action|Adventure|Family,104,en,5.141,3517,5.1,134352.0,38.0,1.92,112441.0,Eragon,True,True,True,,https://letterboxd.com/film/eragon/,200
10009,tt0328880,Brother Bear,2003-10-23,128000000.0,250397798.0,Adventure|Animation|Family,85,en,7.283,5861,6.9,135323.0,48.0,3.84,541806.0,Brother Bear,True,True,True,,https://letterboxd.com/film/brother-bear/,200
9342,tt0120746,The Mask of Zorro,1998-07-16,95000000.0,250288523.0,Action|Adventure,138,en,6.582,4440,6.8,209066.0,62.0,3.47,185799.0,The Mask of Zorro,True,True,True,,https://letterboxd.com/film/the-mask-of-zorro/,200
2300,tt0117705,Space Jam,1996-11-15,80000000.0,250200000.0,Family|Animation|Science Fiction|Fantasy|Comedy,87,en,6.808,6551,6.5,228174.0,57.0,3.33,521577.0,Space Jam,True,True,True,,https://letterboxd.com/film/space-jam/,200
629542,tt8115900,The Bad Guys,2022-03-17,80000000.0,250162278.0,Action|Adventure|Animation|Comedy|Crime|Family,100,en,7.514,2673,6.9,79744.0,64.0,3.45,322028.0,The Bad Guys,True,True,True,,https://letterboxd.com/film/the-bad-guys-2022/,200
12289,tt0425637,Red Cliff,2008-07-10,80341000.0,250100000.0,Adventure|Drama|History|Action|War,145,zh,7.1,911,7.3,50219.0,73.0,3.73,22298.0,Red Cliff,True,True,True,,https://letterboxd.com/film/red-cliff/,200
1756546,,Batman v Superman: Dawn of Justice: Ultimate Edition,2016-06-28,874362803.0,250000000.0,,182,en,10.0,1,,,,3.47,242.0,Batman v Superman: Dawn of Justice: Ultimate Edition,False,True,,,https://letterboxd.com/film/batman-v-superman-dawn-of-justice-ultimate/,200
1198553,,Nidja's Kitchen 2,2020-10-13,50000.0,250000000.0,Comedy|Drama,4,sr,0.0,0,,,,,,Nidja's Kitchen 2,False,True,,,https://letterboxd.com/film/nidjas-kitchen-2/,200
565,tt0298130,The Ring,2002-10-18,48000000.0,249348933.0,Horror|Mystery,115,en,6.707,6859,7.1,400067.0,57.0,3.33,542657.0,The Ring,True,True,True,,https://letterboxd.com/film/the-ring-2002/,200
435800,tt5273624,Journey to the West: The Demons Strike Back,2017-01-28,63900000.0,248805149.0,Adventure|Fantasy|Action,109,zh,6.017,144,5.5,3870.0,59.0,2.8,2791.0,Journey to the West: The Demons Strike Back,True,True,True,,https://letterboxd.com/film/journey-to-the-west-the-demons-strike-back/,200
2667,tt0185937,The Blair Witch Project,1999-07-14,60000.0,248639099.0,Horror|Mystery,81,en,6.371,5648,6.5,309752.0,80.0,3.23,1120559.0,The Blair Witch Project,True,True,True,,https://letterboxd.com/film/the-blair-witch-project/,200
109451,tt1985966,Cloudy with a Chance of Meatballs 2,2013-09-26,78000000.0,248384621.0,Animation|Family|Comedy,95,en,6.455,3571,6.3,123943.0,59.0,2.99,279140.0,Cloudy with a Chance of Meatballs 2,True,True,True,,https://letterboxd.com/film/cloudy-with-a-chance-of-meatballs-2/,200
9741,tt0217869,Unbreakable,2000-11-22,75000000.0,248118121.0,Thriller|Drama|Mystery,106,en,7.146,10133,7.3,465464.0,62.0,3.69,535064.0,Unbreakable,True,True,True,,https://letterboxd.com/film/unbreakable/,200
8467,tt0109686,Dumb and Dumber,1994-12-16,16000000.0,247275374.0,Comedy,107,en,6.663,6914,7.3,441244.0,41.0,3.39,516767.0,Dumb and Dumber,True,True,True,,https://letterboxd.com/film/dumb-and-dumber/,200
109418,tt2191701,Grown Ups 2,2013-07-11,80000000.0,247022278.0,Comedy,101,en,6.189,4806,5.4,190524.0,19.0,2.97,589890.0,Grown Ups 2,True,True,True,,https://letterboxd.com/film/grown-ups-2/,200
450465,tt6823368,Glass,2019-01-16,20000000.0,246999039.0,Thriller|Drama|Science Fiction,129,en,6.664,9248,6.6,302015.0,43.0,2.96,575709.0,Glass,True,True,True,,https://letterboxd.com/film/glass-2019/,200
227973,tt2452042,The Peanuts Movie,2015-11-05,99000000.0,246233113.0,Animation|Comedy|Family,88,en,7.0,1840,7.0,52134.0,67.0,3.7,161084.0,The Peanuts Movie,True,True,True,,https://letterboxd.com/film/the-peanuts-movie/,200
44896,tt1192628,Rango,2011-03-02,135000000.0,245724603.0,Animation|Comedy|Family|Western|Adventure,107,en,6.919,7309,7.3,314167.0,75.0,3.76,964268.0,Rango,True,True,True,,https://letterboxd.com/film/rango/,200
712,tt0109831,Four Weddings and a Funeral,1994-03-09,4400000.0,245700832.0,Comedy|Drama|Romance,117,en,6.774,3073,7.1,176528.0,81.0,3.33,366749.0,Four Weddings and a Funeral,True,True,True,,https://letterboxd.com/film/four-weddings-and-a-funeral/,200
754,tt0119094,Face/Off,1997-06-27,80000000.0,245700000.0,Action|Crime|Science Fiction,139,en,7.061,6106,7.3,424977.0,82.0,3.59,345817.0,Face/Off,True,True,True,,https://letterboxd.com/film/face-off/,200
308531,tt3949660,Teenage Mutant Ninja Turtles: Out of the Shadows,2016-05-30,135000000.0,245623848.0,Action|Adventure|Comedy|Family|Science Fiction,112,en,6.063,3878,5.9,105290.0,40.0,2.55,137301.0,Teenage Mutant Ninja Turtles: Out of the Shadows,True,True,True,,https://letterboxd.com/film/teenage-mutant-ninja-turtles-out-of-the-shadows/,200
62213,tt1077368,Dark Shadows,2012-05-09,150000000.0,245527149.0,Comedy|Fantasy,113,en,6.105,7727,6.2,291971.0,55.0,2.87,413786.0,Dark Shadows,True,True,True,,https://letterboxd.com/film/dark-shadows/,200
1927,tt0286716,Hulk,2003-06-19,137000000.0,245360480.0,Science Fiction|Adventure|Action|Drama,138,en,5.6,6449,5.7,290412.0,54.0,2.52,291035.0,Hulk,True,True,True,,https://letterboxd.com/film/hulk/,200
605375,tt10218674,The Bravest,2019-08-29,,245179562.0,Drama|Action,118,zh,7.096,89,5.7,1383.0,,3.01,1068.0,The Bravest,True,True,True,,https://letterboxd.com/film/the-bravest/,200
8265,tt1064932,Welcome to the Sticks,2008-02-20,11000000.0,245144417.0,Comedy|Drama|Romance,106,fr,6.71,2615,7.1,46653.0,,3.35,65396.0,Welcome to the Sticks,True,True,True,,https://letterboxd.com/film/welcome-to-the-sticks/,200
238,tt0068646,The Godfather,1972-03-14,6000000.0,245066411.0,Drama|Crime,175,en,8.686,23532,9.2,2222804.0,100.0,4.51,2927646.0,The Godfather,True,True,True,,https://letterboxd.com/film/the-godfather/,200
257344,tt2120120,Pixels,2015-07-16,88000000.0,244874809.0,Action|Comedy|Science Fiction|Adventure|Fantasy,106,en,5.786,8187,5.6,177787.0,27.0,2.48,540764.0,Pixels,True,True,True,,https://letterboxd.com/film/pixels-2015/,200
184315,tt1267297,Hercules,2014-07-23,100000000.0,244819862.0,Action|Adventure,98,en,5.807,4434,6.0,171224.0,47.0,2.32,82527.0,Hercules,True,True,True,,https://letterboxd.com/film/hercules-2014/,200
2109,tt0120812,Rush Hour,1998-09-18,33000000.0,244721064.0,Action|Comedy|Crime,97,en,7.084,5896,7.0,325702.0,61.0,3.68,747139.0,Rush Hour,True,True,True,,https://letterboxd.com/film/rush-hour/,200
196,tt0099088,Back to the Future Part III,1990-05-25,40000000.0,244527583.0,Adventure|Comedy|Science Fiction,119,en,7.496,11803,7.5,519424.0,55.0,3.61,880653.0,Back to the Future Part III,True,True,True,,https://letterboxd.com/film/back-to-the-future-part-iii/,200
82700,tt1815862,After Earth,2013-05-30,130000000.0,243843127.0,Science Fiction|Action|Adventure,100,en,5.178,6969,4.8,216012.0,33.0,1.77,185722.0,After Earth,True,True,True,,https://letterboxd.com/film/after-earth/,200
425274,tt4712810,Now You See Me: Now You Don't,2025-11-12,90000000.0,243700000.0,Crime|Thriller,112,en,6.461,1809,5.9,65532.0,50.0,2.97,628408.0,Now You See Me: Now You Don't,True,True,True,,https://letterboxd.com/film/now-you-see-me-now-you-dont-2025/,200
881,tt0104257,A Few Good Men,1992-12-11,40000000.0,243240178.0,Drama,138,en,7.56,4313,7.7,314572.0,62.0,4.07,355357.0,A Few Good Men,True,True,True,,https://letterboxd.com/film/a-few-good-men/,200
22794,tt0844471,Cloudy with a Chance of Meatballs,2009-09-17,100000000.0,242988466.0,Animation|Comedy|Family,90,en,6.666,6618,6.9,282964.0,66.0,3.42,877211.0,Cloudy with a Chance of Meatballs,True,True,True,,https://letterboxd.com/film/cloudy-with-a-chance-of-meatballs/,200
65,tt0298203,8 Mile,2002-11-08,41000000.0,242875078.0,Drama|Music,111,en,7.147,7972,7.2,347308.0,77.0,3.65,689691.0,8 Mile,True,True,True,,https://letterboxd.com/film/8-mile/,200
274167,tt1528854,Daddy's Home,2015-12-25,50000000.0,242786137.0,Comedy,96,en,6.295,3507,6.2,138482.0,42.0,2.84,241139.0,Daddy's Home,True,True,True,,https://letterboxd.com/film/daddys-home/,200
12154,tt0094137,3 Men and a Baby,1987-11-27,11000000.0,242780960.0,Comedy,102,en,6.173,1136,6.1,60474.0,61.0,3.19,52743.0,3 Men and a Baby,True,True,True,,https://letterboxd.com/film/3-men-and-a-baby/,200
97020,tt1234721,RoboCop,2014-01-30,120000000.0,242688965.0,Action|Science Fiction|Thriller,118,en,5.89,5992,6.1,248029.0,52.0,2.4,150368.0,RoboCop,True,True,True,,https://letterboxd.com/film/robocop-2014/,200
9268,tt0116213,Eraser,1996-06-21,100000000.0,242295562.0,Action|Mystery|Thriller,115,en,6.103,2115,6.2,122562.0,56.0,2.93,45623.0,Eraser,True,True,True,,https://letterboxd.com/film/eraser/,200
1316092,tt32897959,“Wuthering Heights”,2026-02-11,80000000.0,241601072.0,Romance|Drama,136,en,6.659,1335,6.2,57394.0,55.0,2.74,1523668.0,Wuthering Heights,True,True,True,,https://letterboxd.com/film/wuthering-heights-2026/,200
1275779,tt15047880,Disclosure Day,2026-06-10,115000000.0,241186430.0,Science Fiction|Thriller,146,en,7.466,3271,6.4,139066.0,74.0,3.04,1035428.0,Disclosure Day,True,True,True,,https://letterboxd.com/film/disclosure-day/,200
126889,tt2316204,Alien: Covenant,2017-05-09,97000000.0,240891763.0,Horror|Science Fiction,122,en,6.189,9666,6.4,344333.0,65.0,3.1,553404.0,Alien: Covenant,True,True,True,,https://letterboxd.com/film/alien-covenant/,200
363676,tt3263904,Sully,2016-09-07,60000000.0,240800000.0,Drama|History,96,en,7.205,7871,7.4,320206.0,74.0,3.51,335384.0,Sully,True,True,True,,https://letterboxd.com/film/sully/,200
121856,tt2094766,Assassin's Creed,2016-12-21,125000000.0,240700000.0,Action|Adventure|Science Fiction,116,en,5.446,8247,5.6,218241.0,36.0,2.02,183767.0,Assassin's Creed,True,True,True,,https://letterboxd.com/film/assassins-creed/,200
9339,tt0389860,Click,2006-06-23,82500000.0,240685326.0,Comedy|Drama|Fantasy,107,en,6.315,7752,6.4,386574.0,45.0,3.02,757211.0,Click,True,True,True,,https://letterboxd.com/film/click/,200
635389,tt11177804,Jiang Ziya,2020-10-01,,240656068.0,Animation|Action|Fantasy|Adventure,105,zh,7.297,231,6.6,2826.0,,3.41,4467.0,Jiang Ziya,True,True,True,,https://letterboxd.com/film/jiang-ziya/,200
71679,tt1855325,Resident Evil: Retribution,2012-09-12,65000000.0,240159255.0,Action|Horror|Science Fiction,95,en,5.8,4435,5.3,158829.0,39.0,2.5,133025.0,Resident Evil: Retribution,True,True,True,,https://letterboxd.com/film/resident-evil-retribution/,200
1573,tt0099423,Die Hard 2,1990-07-03,70000000.0,240031094.0,Action|Thriller,124,en,6.968,6582,7.2,405542.0,67.0,3.37,271155.0,Die Hard 2,True,True,True,,https://letterboxd.com/film/die-hard-2/,200
1175942,tt30017619,The Bad Guys 2,2025-07-24,80000000.0,239676236.0,Family|Comedy|Crime|Adventure|Animation|Action,104,en,7.634,900,7.0,27455.0,64.0,3.51,162589.0,The Bad Guys 2,True,True,True,,https://letterboxd.com/film/the-bad-guys-2/,200
9396,tt0092493,Crocodile Dundee II,1988-05-19,14000000.0,239606210.0,Adventure|Comedy,111,en,5.868,1269,5.7,64122.0,41.0,2.71,30968.0,Crocodile Dundee II,True,True,True,,https://letterboxd.com/film/crocodile-dundee-ii/,200
1228246,tt30274401,Five Nights at Freddy's 2,2025-12-03,36000000.0,239568877.0,Horror|Thriller,104,en,6.587,1172,5.1,37816.0,26.0,2.54,902506.0,Five Nights at Freddy's 2,True,True,True,,https://letterboxd.com/film/five-nights-at-freddys-2/,200
718930,tt12593682,Bullet Train,2022-08-03,90000000.0,239268602.0,Action|Comedy|Thriller,126,en,7.409,7897,7.3,519374.0,49.0,3.63,2388989.0,Bullet Train,True,True,True,,https://letterboxd.com/film/bullet-train/,200
449924,tt2076298,Ip Man 4: The Finale,2019-12-19,52000000.0,239000000.0,Action|History|Drama,105,cn,7.267,2177,7.0,40443.0,62.0,3.28,44915.0,Ip Man 4: The Finale,True,True,True,,https://letterboxd.com/film/ip-man-4-the-finale/,200
455207,tt3104988,Crazy Rich Asians,2018-08-15,30000000.0,238539198.0,Comedy|Romance,121,en,7.04,4044,6.9,207456.0,74.0,3.54,1050776.0,Crazy Rich Asians,True,True,True,,https://letterboxd.com/film/crazy-rich-asians/,200
415,tt0118688,Batman & Robin,1997-06-20,125000000.0,238207122.0,Action|Science Fiction|Adventure,125,en,4.395,5538,3.8,281257.0,29.0,1.96,359755.0,Batman & Robin,True,True,True,,https://letterboxd.com/film/batman-robin/,200
38745,tt1320261,Gulliver's Travels,2010-12-23,112000000.0,237382724.0,Family|Comedy|Adventure|Fantasy,85,en,5.225,2613,4.9,77339.0,33.0,2.24,127949.0,Gulliver's Travels,True,True,True,,https://letterboxd.com/film/gullivers-travels-2010/,200
9679,tt0187078,Gone in Sixty Seconds,2000-06-09,90000000.0,237200000.0,Action|Crime|Thriller,118,en,6.474,5024,6.5,308693.0,35.0,3.09,140818.0,Gone in Sixty Seconds,True,True,True,,https://letterboxd.com/film/gone-in-sixty-seconds/,200
11009,tt0076666,Saturday Night Fever,1977-12-16,3500000.0,237113184.0,Drama,118,en,6.735,2145,6.8,93994.0,77.0,3.21,178192.0,Saturday Night Fever,True,True,True,,https://letterboxd.com/film/saturday-night-fever/,200
82693,tt1045658,Silver Linings Playbook,2012-11-16,21000000.0,236412453.0,Drama|Comedy|Romance,122,en,7.154,12836,7.7,770744.0,81.0,3.74,1043310.0,Silver Linings Playbook,True,True,True,,https://letterboxd.com/film/silver-linings-playbook/,200
584,tt0322259,2 Fast 2 Furious,2003-06-05,76000000.0,236350661.0,Action|Crime|Thriller,108,en,6.52,8361,5.9,321217.0,38.0,3.28,674959.0,2 Fast 2 Furious,True,True,True,,https://letterboxd.com/film/2-fast-2-furious/,200
1022145,tt22049410,Home Coming,2022-09-30,,236085820.0,Drama|War,137,zh,7.5,48,6.3,872.0,,3.14,444.0,Home Coming,True,True,True,,https://letterboxd.com/film/home-coming-2022/,200
4935,tt0347149,Howl's Moving Castle,2004-09-09,24000000.0,236049757.0,Fantasy|Animation|Adventure,119,ja,8.387,11421,8.2,507343.0,82.0,4.36,2716097.0,Howl's Moving Castle,True,True,True,,https://letterboxd.com/film/howls-moving-castle/,200
381284,tt4846340,Hidden Figures,2016-12-10,25000000.0,235957472.0,Drama|History,127,en,8.047,10652,7.8,285729.0,74.0,3.92,732802.0,Hidden Figures,True,True,True,,https://letterboxd.com/film/hidden-figures/,200
644,tt0212720,A.I. Artificial Intelligence,2001-06-29,100000000.0,235926552.0,Drama|Science Fiction|Adventure,146,en,7.068,6858,7.2,337075.0,65.0,3.66,338649.0,A.I. Artificial Intelligence,True,True,True,,https://letterboxd.com/film/ai-artificial-intelligence/,200
207,tt0097165,Dead Poets Society,1989-06-02,16400000.0,235860116.0,Drama,129,en,8.296,12947,8.1,643802.0,79.0,4.36,4004835.0,Dead Poets Society,True,True,True,,https://letterboxd.com/film/dead-poets-society/,200
238713,tt3079380,Spy,2015-05-06,65000000.0,235666219.0,Action|Comedy|Crime,120,en,6.831,6526,7.0,271293.0,75.0,3.22,271747.0,Spy,True,True,True,,https://letterboxd.com/film/spy/,200
2105,tt0163651,American Pie,1999-07-09,11000000.0,235483004.0,Comedy|Romance,95,en,6.617,8548,7.0,463213.0,58.0,3.17,532639.0,American Pie,True,True,True,,https://letterboxd.com/film/american-pie/,200
71552,tt1605630,American Reunion,2012-04-04,50000000.0,234989584.0,Comedy,113,en,6.3,4807,6.7,233104.0,49.0,2.86,136744.0,American Reunion,True,True,True,,https://letterboxd.com/film/american-reunion/,200
9032,tt0142342,Big Daddy,1999-06-25,34200000.0,234801895.0,Comedy|Drama,93,en,6.489,3646,6.5,251388.0,42.0,3.3,344467.0,Big Daddy,True,True,True,,https://letterboxd.com/film/big-daddy/,200
258509,tt2974918,Alvin and the Chipmunks: The Road Chip,2015-12-17,90000000.0,233755553.0,Family|Comedy|Music|Adventure|Animation,92,en,6.035,1797,4.9,25133.0,33.0,2.27,126281.0,Alvin and the Chipmunks: The Road Chip,True,True,True,,https://letterboxd.com/film/alvin-and-the-chipmunks-the-road-chip/,200
205596,tt2084970,The Imitation Game,2014-11-14,14000000.0,233555708.0,History|Drama|Thriller|War,113,en,7.98,18397,8.0,872710.0,71.0,3.85,1185564.0,The Imitation Game,True,True,True,,https://letterboxd.com/film/the-imitation-game/,200
337404,tt3228774,Cruella,2021-05-26,200000000.0,233503234.0,Comedy|Crime|Family,134,en,7.966,10290,7.3,293600.0,59.0,3.56,1531405.0,Cruella,True,True,True,,https://letterboxd.com/film/cruella/,200
10200,tt0970416,The Day the Earth Stood Still,2008-12-10,80000000.0,233093859.0,Drama|Science Fiction|Thriller,104,en,5.668,3875,5.5,185888.0,40.0,2.36,90257.0,The Day the Earth Stood Still,True,True,True,,https://letterboxd.com/film/the-day-the-earth-stood-still-2008/,200
65754,tt1568346,The Girl with the Dragon Tattoo,2011-12-14,90000000.0,232617430.0,Thriller|Crime|Mystery,158,en,7.388,7788,7.8,525793.0,71.0,3.91,685385.0,The Girl with the Dragon Tattoo,True,True,True,,https://letterboxd.com/film/the-girl-with-the-dragon-tattoo-2011/,200
7326,tt0467406,Juno,2007-12-05,7500000.0,232372681.0,Comedy|Drama|Romance,96,en,7.064,7807,7.4,566848.0,81.0,3.74,1666863.0,Juno,True,True,True,,https://letterboxd.com/film/juno/,200
68734,tt1024648,Argo,2012-10-11,44500000.0,232300000.0,Drama|Thriller,120,en,7.286,9176,7.7,665933.0,86.0,3.75,534678.0,Argo,True,True,True,,https://letterboxd.com/film/argo/,200
1268,tt0453451,Mr. Bean's Holiday,2007-03-22,25000000.0,232225908.0,Family|Comedy,90,en,6.403,3212,6.4,140247.0,56.0,3.36,209789.0,Mr. Bean's Holiday,True,True,True,,https://letterboxd.com/film/mr-beans-holiday/,200
409,tt0116209,The English Patient,1996-11-14,27000000.0,231976425.0,Drama|Romance|War,162,en,7.132,2460,7.4,212643.0,86.0,3.62,119098.0,The English Patient,True,True,True,,https://letterboxd.com/film/the-english-patient/,200
1273221,tt32093575,Scary Movie,2026-06-03,30000000.0,231886052.0,Comedy,96,en,6.395,1864,4.9,48025.0,38.0,2.35,550817.0,Scary Movie,True,True,True,,https://letterboxd.com/film/scary-movie-2026/,200
2005,tt0105417,Sister Act,1992-05-28,31000000.0,231605150.0,Music|Comedy,100,en,6.834,3528,6.5,116127.0,51.0,3.61,241234.0,Sister Act,True,True,True,,https://letterboxd.com/film/sister-act/,200
8273,tt0328828,American Wedding,2003-08-01,55000000.0,231449203.0,Comedy|Romance,103,en,6.2,4501,6.3,227772.0,43.0,2.83,155443.0,American Wedding,True,True,True,,https://letterboxd.com/film/american-wedding/,200
521029,tt8350360,Annabelle Comes Home,2019-06-26,27000000.0,231252591.0,Horror,106,en,6.403,3923,5.9,101470.0,53.0,2.61,333885.0,Annabelle Comes Home,True,True,True,,https://letterboxd.com/film/annabelle-comes-home/,200
561,tt0360486,Constantine,2005-02-08,100000000.0,230900000.0,Fantasy|Action|Horror,121,en,7.206,8525,7.0,404706.0,50.0,3.47,477273.0,Constantine,True,True,True,,https://letterboxd.com/film/constantine/,200
11665,tt0425061,Get Smart,2008-06-19,80000000.0,230685453.0,Action|Comedy|Thriller,110,en,6.219,4001,6.5,236066.0,54.0,2.94,228300.0,Get Smart,True,True,True,,https://letterboxd.com/film/get-smart/,200
637,tt0118799,Life Is Beautiful,1997-12-20,20000000.0,230098753.0,Comedy|Drama,116,it,8.437,14227,8.6,811130.0,58.0,4.42,842219.0,Life Is Beautiful,True,True,True,,https://letterboxd.com/film/life-is-beautiful/,200
170882,tt0184698,The Black Hand,1973-03-16,,230000000.0,Crime,90,it,4.75,4,5.7,89.0,,,,The Black Hand,True,True,True,,https://letterboxd.com/film/the-black-hand-1973/,200
136795,tt2404463,The Heat,2013-06-27,43000000.0,229930771.0,Action|Comedy|Crime,117,en,6.59,4266,6.6,185730.0,60.0,3.11,178254.0,The Heat,True,True,True,,https://letterboxd.com/film/the-heat/,200
43074,tt1289401,Ghostbusters,2016-07-14,144000000.0,229147509.0,Action|Fantasy|Comedy,117,en,5.343,6895,6.8,258587.0,60.0,2.35,371032.0,Ghostbusters,True,True,True,,https://letterboxd.com/film/ghostbusters-2016/,200
1250,tt0259324,Ghost Rider,2007-01-15,110000000.0,228738393.0,Thriller|Action|Fantasy,114,en,5.62,6642,5.3,267165.0,35.0,2.59,341322.0,Ghost Rider,True,True,True,,https://letterboxd.com/film/ghost-rider/,200
362682,tt5061814,Goodbye Mr. Loser,2015-09-30,,228549747.0,Romance|Comedy,104,zh,7.111,158,6.7,4001.0,,3.14,1862.0,Goodbye Mr. Loser,True,True,True,,https://letterboxd.com/film/goodbye-mr-loser/,200
10719,tt0319343,Elf,2003-11-07,32000000.0,228500000.0,Comedy|Family|Fantasy,97,en,6.668,4675,7.1,345306.0,66.0,3.45,1125135.0,Elf,True,True,True,,https://letterboxd.com/film/elf/,200
942,tt0097733,Lethal Weapon 2,1989-07-07,25000000.0,227853986.0,Action|Thriller|Crime,114,en,7.048,3868,7.3,197231.0,70.0,3.64,115798.0,Lethal Weapon 2,True,True,True,,https://letterboxd.com/film/lethal-weapon-2/,200
40805,tt0990407,The Green Hornet,2011-01-12,120000000.0,227817248.0,Action|Crime|Comedy,119,en,5.596,3559,5.8,168421.0,39.0,2.49,130722.0,The Green Hornet,True,True,True,,https://letterboxd.com/film/the-green-hornet/,200
858,tt0108160,Sleepless in Seattle,1993-06-24,21000000.0,227799884.0,Comedy|Drama|Romance,105,en,6.742,2683,6.8,204022.0,72.0,3.49,354982.0,Sleepless in Seattle,True,True,True,,https://letterboxd.com/film/sleepless-in-seattle/,200
606,tt0089755,Out of Africa,1985-12-20,31000000.0,227514205.0,History|Romance|Drama,161,en,7.15,1579,7.1,91765.0,69.0,3.44,69788.0,Out of Africa,True,True,True,,https://letterboxd.com/film/out-of-africa/,200
339403,tt3890160,Baby Driver,2017-06-28,34000000.0,226945087.0,Action|Crime,113,en,7.445,17173,7.5,682380.0,86.0,3.71,3232920.0,Baby Driver,True,True,True,,https://letterboxd.com/film/baby-driver/,200
37958,tt1253864,Immortals,2011-11-10,75000000.0,226904017.0,Fantasy|Action|Drama,110,en,6.051,2895,6.0,184420.0,46.0,2.66,66770.0,Immortals,True,True,True,,https://letterboxd.com/film/immortals/,200
8681,tt0936501,Taken,2008-02-18,25000000.0,226830568.0,Action|Thriller,94,en,7.412,12375,7.7,668854.0,51.0,3.58,571867.0,Taken,True,True,True,,https://letterboxd.com/film/taken/,200
32657,tt0814255,Percy Jackson & the Olympians: The Lightning Thief,2010-02-01,95000000.0,226497209.0,Adventure|Fantasy|Family,118,en,6.215,7945,5.9,210964.0,47.0,2.79,586347.0,Percy Jackson & the Olympians: The Lightning Thief,True,True,True,,https://letterboxd.com/film/percy-jackson-the-olympians-the-lightning-thief/,200
718789,tt10298810,Lightyear,2022-06-15,200000000.0,226425420.0,Animation|Science Fiction|Family|Adventure,105,en,6.862,3935,6.1,134805.0,60.0,2.73,450083.0,Lightyear,True,True,True,,https://letterboxd.com/film/lightyear-2022/,200
559974,tt9597838,Shock Wave 2,2020-12-24,40000000.0,226400000.0,Action|Crime|Thriller,120,cn,7.078,180,6.5,3265.0,,3.24,2434.0,Shock Wave 2,True,True,True,,https://letterboxd.com/film/shock-wave-2/,200
60304,tt1428538,Hansel & Gretel: Witch Hunters,2013-01-17,50000000.0,226349749.0,Fantasy|Horror|Action,88,en,6.111,7220,6.1,224516.0,23.0,2.65,137367.0,Hansel & Gretel: Witch Hunters,True,True,True,,https://letterboxd.com/film/hansel-gretel-witch-hunters/,200
339964,tt2239822,Valerian and the City of a Thousand Planets,2017-07-19,177200000.0,225973340.0,Adventure|Science Fiction|Action,137,en,6.654,8204,6.4,208185.0,51.0,2.73,255790.0,Valerian and the City of a Thousand Planets,True,True,True,,https://letterboxd.com/film/valerian-and-the-city-of-a-thousand-planets/,200
489,tt0119217,Good Will Hunting,1997-12-05,10000000.0,225933435.0,Drama,127,en,8.167,14283,8.4,1213877.0,71.0,4.39,3576549.0,Good Will Hunting,True,True,True,,https://letterboxd.com/film/good-will-hunting/,200
575813,tt9586294,Better Days,2019-10-25,,225879065.0,Drama|Crime|Romance,135,zh,8.121,580,7.6,16668.0,83.0,4.25,154462.0,Better Days,True,True,True,,https://letterboxd.com/film/better-days-2019/,200
359724,tt1950186,Ford v Ferrari,2019-11-13,97600000.0,225508210.0,Drama|History|Action,153,en,8.007,9277,8.1,553839.0,81.0,4.06,1130226.0,Ford v Ferrari,True,True,True,,https://letterboxd.com/film/ford-v-ferrari/,200
37799,tt1285016,The Social Network,2010-10-01,40000000.0,224920315.0,Drama,121,en,7.376,13486,7.8,812001.0,95.0,3.92,2829920.0,The Social Network,True,True,True,,https://letterboxd.com/film/the-social-network/,200
7443,tt0120630,Chicken Run,2000-06-23,45000000.0,224834564.0,Animation|Comedy|Family,84,en,6.852,5520,7.1,223786.0,88.0,3.62,523187.0,Chicken Run,True,True,True,,https://letterboxd.com/film/chicken-run/,200
457251,tt6654316,Youth,2017-12-15,,224160000.0,Drama|History|War,136,zh,7.353,117,7.0,3659.0,69.0,3.54,3481.0,Youth,True,True,True,,https://letterboxd.com/film/youth-2017-1/,200
1701,tt0118880,Con Air,1997-06-05,75000000.0,224012234.0,Action|Thriller|Crime,116,en,6.785,4854,6.9,334216.0,52.0,3.47,225424.0,Con Air,True,True,True,,https://letterboxd.com/film/con-air/,200
628,tt0110148,Interview with the Vampire,1994-11-11,60000000.0,223664608.0,Horror|Drama|Fantasy,123,en,7.4,6601,7.5,372902.0,62.0,3.6,613838.0,Interview with the Vampire,True,True,True,,https://letterboxd.com/film/interview-with-the-vampire/,200
9315,tt0408790,Flightplan,2005-09-22,55000000.0,223387299.0,Thriller|Drama|Mystery,98,en,6.444,3058,6.3,176590.0,53.0,3.08,140949.0,Flightplan,True,True,True,,https://letterboxd.com/film/flightplan/,200
10201,tt1068680,Yes Man,2008-12-09,70000000.0,223200000.0,Comedy|Romance,104,en,6.693,7564,6.8,403090.0,46.0,3.19,446930.0,Yes Man,True,True,True,,https://letterboxd.com/film/yes-man/,200
225574,tt2024469,Non-Stop,2014-02-26,50000000.0,222809600.0,Action|Thriller|Mystery,107,en,6.81,5862,6.9,285661.0,56.0,3.09,164987.0,Non-Stop,True,True,True,,https://letterboxd.com/film/non-stop-2014/,200
9354,tt0097523,"Honey, I Shrunk the Kids",1989-06-23,18000000.0,222724172.0,Adventure|Comedy|Family|Science Fiction,93,en,6.335,3429,6.4,175324.0,63.0,3.21,198833.0,"Honey, I Shrunk the Kids",True,True,True,,https://letterboxd.com/film/honey-i-shrunk-the-kids/,200
753342,tt13287846,Napoleon,2023-11-22,165000000.0,222435664.0,History|War|Drama,158,en,6.3,3258,6.3,190542.0,64.0,2.9,608938.0,Napoleon,True,True,True,,https://letterboxd.com/film/napoleon-2023/,200
1777,tt0361596,Fahrenheit 9/11,2004-06-25,6000000.0,222400000.0,Documentary,123,en,7.083,1561,7.5,134784.0,67.0,3.62,70823.0,Fahrenheit 9/11,True,True,True,,https://letterboxd.com/film/fahrenheit-9-11/,200
8247,tt0489099,Jumper,2008-02-13,85000000.0,222231186.0,Action|Adventure|Science Fiction,88,en,6.173,6414,6.1,335588.0,35.0,2.75,213611.0,Jumper,True,True,True,,https://letterboxd.com/film/jumper/,200
8487,tt0120891,Wild Wild West,1999-06-30,170000000.0,222104681.0,Action|Adventure|Comedy|Science Fiction|Western,106,en,5.318,3684,4.9,171971.0,40.0,2.31,111536.0,Wild Wild West,True,True,True,,https://letterboxd.com/film/wild-wild-west/,200
1078012,tt25981462,Boonie Bears: Guardian Code,2023-01-22,,221982308.0,Animation|Comedy|Science Fiction|Family|Adventure,94,zh,7.0,12,6.2,264.0,,3.13,235.0,Boonie Bears: Guardian Code,True,True,True,,https://letterboxd.com/film/boonie-bears-guardian-code/,200
869724,tt15465312,"My Country, My Parents",2021-09-30,35000000.0,221831086.0,Drama,156,zh,5.964,28,,649.0,,3.12,366.0,"My Country, My Parents",True,True,True,,https://letterboxd.com/film/my-country-my-parents/,200
274855,tt1981128,Geostorm,2017-10-12,120000000.0,221600160.0,Action|Science Fiction|Thriller,109,en,6.1,5321,5.4,131742.0,21.0,2.2,142242.0,Geostorm,True,True,True,,https://letterboxd.com/film/geostorm/,200
11092,tt0100404,Presumed Innocent,1990-07-27,22000000.0,221303188.0,Mystery|Crime|Thriller,127,en,6.809,847,6.9,51383.0,72.0,3.52,45239.0,Presumed Innocent,True,True,True,,https://letterboxd.com/film/presumed-innocent/,200
451048,tt0870154,Jungle Cruise,2021-07-28,200000000.0,220889446.0,Fantasy|Comedy|Adventure,127,en,7.272,6300,6.5,226912.0,50.0,2.72,308612.0,Jungle Cruise,True,True,True,,https://letterboxd.com/film/jungle-cruise/,200
4256,tt0306047,Scary Movie 3,2003-10-24,45000000.0,220673217.0,Comedy,84,en,5.981,4654,5.6,170244.0,49.0,2.8,341464.0,Scary Movie 3,True,True,True,,https://letterboxd.com/film/scary-movie-3/,200
1538,tt0369339,Collateral,2004-08-04,65000000.0,220239925.0,Drama|Crime|Thriller,120,en,7.248,6477,7.5,464872.0,71.0,3.89,564885.0,Collateral,True,True,True,,https://letterboxd.com/film/collateral/,200
207932,tt3062096,Inferno,2016-10-13,75000000.0,220021259.0,Mystery|Thriller|Action,122,en,6.102,6771,6.2,201301.0,42.0,2.71,181196.0,Inferno,True,True,True,,https://letterboxd.com/film/inferno-2016/,200
4964,tt0478311,Knocked Up,2007-06-01,30000000.0,219900000.0,Comedy|Romance|Drama,129,en,6.304,4416,6.9,397384.0,85.0,3.04,332219.0,Knocked Up,True,True,True,,https://letterboxd.com/film/knocked-up/,200
44912,tt1133985,Green Lantern,2011-06-14,200000000.0,219851172.0,Adventure|Action|Science Fiction,114,en,5.191,7815,5.5,307536.0,39.0,1.63,368876.0,Green Lantern,True,True,True,,https://letterboxd.com/film/green-lantern/,200
151960,tt1691917,Planes,2013-08-09,50000000.0,219788712.0,Animation|Family|Adventure|Comedy,91,en,5.935,1874,5.7,52083.0,39.0,2.31,150046.0,Planes,True,True,True,,https://letterboxd.com/film/planes/,200
594,tt0362227,The Terminal,2004-06-17,60000000.0,219417255.0,Comedy|Drama,128,en,7.356,8948,7.4,531834.0,55.0,3.67,736415.0,The Terminal,True,True,True,,https://letterboxd.com/film/the-terminal/,200
9029,tt1033643,What Happens in Vegas,2008-05-07,35000000.0,219400000.0,Comedy|Romance,99,en,6.122,3388,6.1,191824.0,36.0,2.81,227095.0,What Happens in Vegas,True,True,True,,https://letterboxd.com/film/what-happens-in-vegas/,200
22897,tt1230414,It's Complicated,2009-12-23,85000000.0,219103655.0,Comedy|Romance,121,en,6.518,1566,6.6,102721.0,57.0,3.13,112647.0,It's Complicated,True,True,True,,https://letterboxd.com/film/its-complicated/,200
857598,tt16539454,Pushpa 2 - The Rule,2024-12-04,52900000.0,219000000.0,Action|Drama|Thriller|Crime,225,te,6.2,163,6.1,57920.0,,2.75,37661.0,Pushpa 2 - The Rule,True,True,True,,https://letterboxd.com/film/pushpa-2-the-rule/,200
109424,tt1535109,Captain Phillips,2013-10-10,55000000.0,218791811.0,Action|Drama|Thriller,134,en,7.538,7671,7.8,516908.0,82.0,3.79,402917.0,Captain Phillips,True,True,True,,https://letterboxd.com/film/captain-phillips/,200
9837,tt0120794,The Prince of Egypt,1998-12-16,70000000.0,218613188.0,Adventure|Animation|Drama|Family,99,en,7.324,4426,7.2,158262.0,64.0,4.09,615589.0,The Prince of Egypt,True,True,True,,https://letterboxd.com/film/the-prince-of-egypt/,200
1495,tt0320661,Kingdom of Heaven,2005-05-03,130000000.0,218366336.0,Drama|Action|Adventure|History|War,144,en,7.086,5216,7.3,347384.0,63.0,3.74,342861.0,Kingdom of Heaven,True,True,True,,https://letterboxd.com/film/kingdom-of-heaven/,200
75780,tt0790724,Jack Reacher,2012-12-20,60000000.0,218300000.0,Crime|Drama|Thriller|Action,130,en,6.678,7850,7.0,389208.0,50.0,3.23,246683.0,Jack Reacher,True,True,True,,https://letterboxd.com/film/jack-reacher/,200
882598,tt15474916,Smile,2022-09-23,17000000.0,217408513.0,Horror|Mystery,115,en,6.671,4243,6.5,227711.0,68.0,2.88,1596322.0,Smile,True,True,True,,https://letterboxd.com/film/smile-2022/,200
49017,tt0829150,Dracula Untold,2014-10-01,70000000.0,217124280.0,Horror|Action|Fantasy,92,en,6.468,6620,6.2,221855.0,40.0,2.72,130280.0,Dracula Untold,True,True,True,,https://letterboxd.com/film/dracula-untold/,200
302699,tt1489889,Central Intelligence,2016-06-15,50000000.0,216972543.0,Action|Comedy,107,en,6.416,6478,6.3,238164.0,52.0,2.79,389730.0,Central Intelligence,True,True,True,,https://letterboxd.com/film/central-intelligence/,200
70,tt0405159,Million Dollar Baby,2004-12-05,30000000.0,216763646.0,Drama,132,en,7.953,10572,8.1,765230.0,86.0,4.05,508581.0,Million Dollar Baby,True,True,True,,https://letterboxd.com/film/million-dollar-baby/,200
9493,tt0096320,Twins,1988-12-09,15000000.0,216614388.0,Comedy,107,en,6.056,2609,6.2,145665.0,50.0,3.05,124587.0,Twins,True,True,True,,https://letterboxd.com/film/twins/,200
50014,tt1454029,The Help,2011-08-09,25000000.0,216600000.0,Drama,146,en,8.205,9264,8.1,524627.0,62.0,3.97,785282.0,The Help,True,True,True,,https://letterboxd.com/film/the-help/,200
32856,tt0817230,Valentine's Day,2010-02-10,52000000.0,216528528.0,Comedy|Romance,125,en,5.929,3211,5.8,130072.0,34.0,2.81,261616.0,Valentine's Day,True,True,True,,https://letterboxd.com/film/valentines-day/,200
8536,tt0081573,Superman II,1980-12-04,54000000.0,216385706.0,Science Fiction|Action|Adventure,127,en,6.759,2608,6.8,123991.0,83.0,3.32,122873.0,Superman II,True,True,True,,https://letterboxd.com/film/superman-ii/,200
52449,tt1284575,Bad Teacher,2011-05-16,20000000.0,216197492.0,Comedy,92,en,5.613,5034,5.7,222069.0,47.0,2.51,219960.0,Bad Teacher,True,True,True,,https://letterboxd.com/film/bad-teacher/,200
716815,tt12497408,A Little Red Flower,2020-12-31,,216000000.0,Drama,128,zh,6.5,48,6.7,1133.0,,3.77,6552.0,A Little Red Flower,True,True,True,,https://letterboxd.com/film/a-little-red-flower/,200
529203,tt2850386,The Croods: A New Age,2020-11-25,65000000.0,215905815.0,Animation|Family|Adventure|Fantasy|Comedy,95,en,7.44,4234,6.9,60294.0,56.0,2.97,206324.0,The Croods: A New Age,True,True,True,,https://letterboxd.com/film/the-croods-a-new-age/,200
9331,tt0109444,Clear and Present Danger,1994-08-03,62000000.0,215887717.0,Action|Drama|Thriller,141,en,6.649,1746,6.9,113327.0,72.0,3.35,65759.0,Clear and Present Danger,True,True,True,,https://letterboxd.com/film/clear-and-present-danger/,200
214756,tt2637276,Ted 2,2015-06-25,68000000.0,215863606.0,Comedy|Fantasy,115,en,6.325,8155,6.3,258061.0,48.0,2.91,462806.0,Ted 2,True,True,True,,https://letterboxd.com/film/ted-2/,200
6114,tt0103874,Bram Stoker's Dracula,1992-11-13,40000000.0,215862692.0,Romance|Horror,128,en,7.448,5916,7.4,267072.0,57.0,3.74,581472.0,Bram Stoker's Dracula,True,True,True,,https://letterboxd.com/film/bram-stokers-dracula/,200
11678,tt0190865,Vertical Limit,2000-12-08,75000000.0,215663859.0,Adventure|Action|Thriller,124,en,6.023,1204,6.0,67868.0,48.0,2.82,33441.0,Vertical Limit,True,True,True,,https://letterboxd.com/film/vertical-limit/,200
170657,tt2017561,Journey to the West: Conquering the Demons,2013-02-07,,215637183.0,Action|Fantasy|Adventure|Comedy,110,zh,6.962,462,6.7,15004.0,68.0,3.48,14127.0,Journey to the West: Conquering the Demons,True,True,True,,https://letterboxd.com/film/journey-to-the-west-conquering-the-demons/,200
2978,tt0097428,Ghostbusters II,1989-06-16,37000000.0,215394738.0,Comedy|Fantasy,108,en,6.604,4983,6.6,239604.0,56.0,3.21,264873.0,Ghostbusters II,True,True,True,,https://letterboxd.com/film/ghostbusters-ii/,200
1304434,tt36733027,Nobody,2025-08-02,,215367669.0,Animation|Adventure|Fantasy|Comedy,118,zh,7.864,88,7.9,1690.0,,4.04,8583.0,Nobody,True,True,True,,https://letterboxd.com/film/nobody-2025/,200
27022,tt0963966,The Sorcerer's Apprentice,2010-07-13,150000000.0,215300000.0,Fantasy|Adventure|Action,109,en,6.145,5376,6.1,176065.0,46.0,2.82,138780.0,The Sorcerer's Apprentice,True,True,True,,https://letterboxd.com/film/the-sorcerers-apprentice-2010/,200
2024,tt0187393,The Patriot,2000-06-28,110000000.0,215294342.0,Drama|History|War|Action,165,en,7.209,4476,7.2,305970.0,63.0,3.45,175377.0,The Patriot,True,True,True,,https://letterboxd.com/film/the-patriot-2000/,200
50546,tt1564367,Just Go with It,2011-02-10,80000000.0,214945591.0,Comedy|Romance,117,en,6.7,6231,6.4,289427.0,33.0,3.28,669599.0,Just Go with It,True,True,True,,https://letterboxd.com/film/just-go-with-it/,200
1072790,tt26047818,Anyone but You,2023-12-21,25000000.0,214891370.0,Romance|Comedy,103,en,6.754,3216,6.1,163540.0,52.0,2.82,2063242.0,Anyone But You,True,True,True,,https://letterboxd.com/film/anyone-but-you/,200
138103,tt2333784,The Expendables 3,2014-08-07,95000000.0,214657577.0,Action|Adventure|Thriller,126,en,6.201,5448,6.1,205920.0,35.0,2.48,118595.0,The Expendables 3,True,True,True,,https://letterboxd.com/film/the-expendables-3/,200
88,tt0092890,Dirty Dancing,1987-08-21,6000000.0,214577242.0,Drama|Music|Romance,100,en,7.32,6656,7.1,278080.0,65.0,3.77,962013.0,Dirty Dancing,True,True,True,,https://letterboxd.com/film/dirty-dancing/,200
480530,tt6343314,Creed II,2018-11-21,50000000.0,214200000.0,Drama|Action,130,en,7.034,5917,7.1,167419.0,66.0,3.59,478594.0,Creed II,True,True,True,,https://letterboxd.com/film/creed-ii/,200
446894,tt6182908,Smallfoot,2018-09-20,80000000.0,214115531.0,Family|Comedy|Adventure|Animation|Fantasy,96,en,6.814,1657,6.6,45369.0,60.0,2.69,71442.0,Smallfoot,True,True,True,,https://letterboxd.com/film/smallfoot/,200
11322,tt1152836,Public Enemies,2009-07-01,100000000.0,214104620.0,Crime|History|Drama,140,en,6.688,4955,6.9,333880.0,70.0,3.26,209219.0,Public Enemies,True,True,True,,https://letterboxd.com/film/public-enemies-2009/,200
2501,tt0258463,The Bourne Identity,2002-06-14,60000000.0,214034224.0,Action|Mystery|Thriller,119,en,7.486,10373,7.8,609951.0,68.0,3.74,546065.0,The Bourne Identity,True,True,True,,https://letterboxd.com/film/the-bourne-identity-2002/,200
8984,tt0109635,Disclosure,1994-12-09,55000000.0,214015089.0,Thriller|Drama|Crime,128,en,6.2,1306,6.2,56603.0,58.0,2.87,27880.0,Disclosure,True,True,True,,https://letterboxd.com/film/disclosure/,200
146,tt0190332,"Crouching Tiger, Hidden Dragon",2000-07-06,17000000.0,213978518.0,Adventure|Drama|Action|Romance|Fantasy,120,zh,7.438,3692,7.9,293086.0,94.0,4.07,290523.0,"Crouching Tiger, Hidden Dragon",True,True,True,,https://letterboxd.com/film/crouching-tiger-hidden-dragon/,200
680,tt0110912,Pulp Fiction,1994-09-10,8000000.0,213928762.0,Thriller|Crime|Comedy,154,en,8.48,30844,8.8,2431656.0,95.0,4.23,4565373.0,Pulp Fiction,True,True,True,,https://letterboxd.com/film/pulp-fiction/,200
1159559,tt27047903,Scream 7,2026-02-25,45000000.0,213835967.0,Horror|Mystery|Crime,114,en,6.236,1267,5.5,50291.0,35.0,2.22,585516.0,Scream 7,True,True,True,,https://letterboxd.com/film/scream-7/,200
2567,tt0338751,The Aviator,2004-12-17,110000000.0,213719942.0,Drama,170,en,7.217,5994,7.5,401380.0,77.0,3.76,381160.0,The Aviator,True,True,True,,https://letterboxd.com/film/the-aviator/,200
197,tt0112573,Braveheart,1995-05-24,72000000.0,213216216.0,Action|Drama|History|War,178,en,7.943,11414,8.3,1155463.0,68.0,3.93,556635.0,Braveheart,True,True,True,,https://letterboxd.com/film/braveheart/,200
224141,tt2180411,Into the Woods,2014-12-24,50000000.0,212902372.0,Fantasy|Comedy,125,en,5.758,4468,5.9,152776.0,69.0,2.79,317377.0,Into the Woods,True,True,True,,https://letterboxd.com/film/into-the-woods-2014/,200
10202,tt0960731,Bedtime Stories,2008-12-24,80000000.0,212874864.0,Fantasy|Comedy|Family|Romance,99,en,6.153,3033,6.0,105883.0,33.0,2.94,215569.0,Bedtime Stories,True,True,True,,https://letterboxd.com/film/bedtime-stories/,200
1844,tt0137494,Entrapment,1999-04-29,66000000.0,212404400.0,Romance|Drama|Mystery,112,en,6.235,2300,6.3,129352.0,54.0,2.9,44881.0,Entrapment,True,True,True,,https://letterboxd.com/film/entrapment/,200
9273,tt0112281,Ace Ventura: When Nature Calls,1995-11-10,30000000.0,212385533.0,Crime|Comedy|Adventure,90,en,6.345,4695,6.4,247519.0,43.0,3.09,196751.0,Ace Ventura: When Nature Calls,True,True,True,,https://letterboxd.com/film/ace-ventura-when-nature-calls/,200
9946,tt0146675,End of Days,1999-11-24,100000000.0,212000000.0,Action|Horror|Fantasy,122,en,6.101,2136,5.8,120450.0,34.0,2.74,48047.0,End of Days,True,True,True,,https://letterboxd.com/film/end-of-days/,200
1493,tt0212346,Miss Congeniality,2000-12-22,45000000.0,212000000.0,Comedy|Crime|Action,110,en,6.535,4329,6.4,245539.0,43.0,3.43,532903.0,Miss Congeniality,True,True,True,,https://letterboxd.com/film/miss-congeniality/,200
95610,tt1473832,Bridget Jones's Baby,2016-09-14,35000000.0,211952420.0,Drama|Comedy|Romance,123,en,6.405,3121,6.4,89330.0,59.0,3.02,226275.0,Bridget Jones's Baby,True,True,True,,https://letterboxd.com/film/bridget-joness-baby/,200
228150,tt2713180,Fury,2014-10-15,68000000.0,211817906.0,War|Drama|Action,135,en,7.546,13217,7.6,607560.0,64.0,3.83,852169.0,Fury,True,True,True,,https://letterboxd.com/film/fury-2014/,200
44943,tt1217613,Battle: Los Angeles,2011-03-08,70000000.0,211800000.0,Science Fiction|Action,116,en,5.828,3842,5.7,188290.0,37.0,2.45,69954.0,Battle: Los Angeles,True,True,True,,https://letterboxd.com/film/battle-los-angeles/,200
41733,tt1231583,Due Date,2010-11-03,65000000.0,211800000.0,Comedy|Drama,95,en,6.392,5964,6.5,370607.0,51.0,2.94,246958.0,Due Date,True,True,True,,https://letterboxd.com/film/due-date/,200
6972,tt0455824,Australia,2008-11-18,130000000.0,211787511.0,Adventure|Romance|Drama,165,en,6.6,2496,6.6,132196.0,53.0,2.94,61671.0,Australia,True,True,True,,https://letterboxd.com/film/australia/,200
8619,tt0311113,Master and Commander: The Far Side of the World,2003-11-14,150000000.0,211623421.0,Adventure|Drama|War,138,en,7.204,3655,7.5,253886.0,81.0,4.02,214531.0,Master and Commander: The Far Side of the World,True,True,True,,https://letterboxd.com/film/master-and-commander-the-far-side-of-the-world/,200
10144,tt0097757,The Little Mermaid,1989-11-17,40000000.0,211343479.0,Animation|Family|Fantasy,83,en,7.353,8557,7.6,309826.0,88.0,3.71,849814.0,The Little Mermaid,True,True,True,,https://letterboxd.com/film/the-little-mermaid/,200
803266,tt15783462,Nice View,2022-02-01,,211018982.0,Drama|Family|Comedy,106,zh,6.4,49,6.7,1559.0,,3.45,4532.0,Nice View,True,True,True,,https://letterboxd.com/film/nice-view/,200
516729,tt5822536,Paddington in Peru,2024-11-08,90000000.0,211000000.0,Adventure|Comedy|Family,106,en,6.8,748,6.6,31587.0,65.0,3.4,316833.0,Paddington in Peru,True,True,True,,https://letterboxd.com/film/paddington-in-peru/,200
17654,tt1136608,District 9,2009-08-05,30000000.0,210888950.0,Science Fiction,112,en,7.48,10631,7.9,748028.0,81.0,3.82,576138.0,District 9,True,True,True,,https://letterboxd.com/film/district-9/,200
698,tt0079574,Moonraker,1979-06-26,34000000.0,210308099.0,Action|Adventure|Thriller|Science Fiction,126,en,6.187,2289,6.3,116368.0,66.0,2.87,106217.0,Moonraker,True,True,True,,https://letterboxd.com/film/moonraker/,200
901362,tt14362112,Trolls Band Together,2023-10-12,95000000.0,210231405.0,Animation|Family|Music|Fantasy|Comedy|Adventure,91,en,7.2,1029,6.0,19119.0,53.0,3.15,174855.0,Trolls Band Together,True,True,True,,https://letterboxd.com/film/trolls-band-together/,200
1933,tt0230600,The Others,2001-08-02,17000000.0,210002906.0,Horror|Mystery|Thriller,101,en,7.618,7397,7.6,424115.0,74.0,3.79,628720.0,The Others,True,True,True,,https://letterboxd.com/film/the-others/,200
51540,tt1499658,Horrible Bosses,2011-07-08,35000000.0,209838559.0,Comedy|Crime,98,en,6.6,6957,6.9,486136.0,57.0,3.13,387623.0,Horrible Bosses,True,True,True,,https://letterboxd.com/film/horrible-bosses/,200
1054867,tt30144839,One Battle After Another,2025-09-23,175000000.0,209377100.0,Thriller|Crime|Comedy,162,en,7.334,4226,7.7,397927.0,95.0,4.12,2852926.0,One Battle After Another,True,True,True,,https://letterboxd.com/film/one-battle-after-another/,200
508747,tt8033592,Us and Them,2018-04-28,,209221331.0,Drama|Romance,120,zh,7.5,177,7.4,6492.0,,4.14,58352.0,Us and Them,True,True,True,,https://letterboxd.com/film/us-and-them-2018/,200
158852,tt1964418,Tomorrowland,2015-05-19,190000000.0,209200000.0,Adventure|Family|Mystery|Science Fiction,130,en,6.31,7496,6.4,198340.0,60.0,2.74,221235.0,Tomorrowland,True,True,True,,https://letterboxd.com/film/tomorrowland/,200
9533,tt0289765,Red Dragon,2002-10-02,78000000.0,209196298.0,Crime|Thriller|Horror,124,en,7.047,4850,7.2,309919.0,60.0,3.49,276369.0,Red Dragon,True,True,True,,https://letterboxd.com/film/red-dragon/,200
11774,tt0339291,Lemony Snicket's A Series of Unfortunate Events,2004-12-16,140000000.0,209073645.0,Adventure|Comedy|Family,108,en,6.819,5388,6.8,228438.0,62.0,3.39,390301.0,Lemony Snicket's A Series of Unfortunate Events,True,True,True,,https://letterboxd.com/film/lemony-snickets-a-series-of-unfortunate-events/,200
1633056,tt43515101,All Wishes Come True!,2026-07-10,,208328000.0,Comedy|Animation|Fantasy|Adventure,143,zh,7.885,26,,,,3.91,2854.0,All Wishes Come True!,True,True,False,Incorrect IMDb ID.,https://letterboxd.com/film/all-wishes-come-true/,200
493529,tt2906216,Dungeons & Dragons: Honor Among Thieves,2023-03-23,151000000.0,208200000.0,Adventure|Fantasy|Comedy,134,en,7.357,4909,7.2,270852.0,72.0,3.53,785575.0,Dungeons & Dragons: Honor Among Thieves,True,True,True,,https://letterboxd.com/film/dungeons-dragons-honor-among-thieves/,200
59961,tt1599348,Safe House,2012-02-08,85000000.0,208076205.0,Action|Thriller,115,en,6.491,4020,6.7,248951.0,52.0,2.96,91106.0,Safe House,True,True,True,,https://letterboxd.com/film/safe-house-2012/,200
151743,tt2459022,Lost in Thailand,2012-12-12,2200000.0,208000000.0,Comedy|Adventure|Drama,105,zh,6.4,140,6.2,4087.0,55.0,3.02,1788.0,Lost in Thailand,True,True,True,,https://letterboxd.com/film/lost-in-thailand/,200
296096,tt2674426,Me Before You,2016-06-01,20000000.0,207945075.0,Drama|Romance,110,en,7.931,13556,7.4,330388.0,51.0,3.6,1533533.0,Me Before You,True,True,True,,https://letterboxd.com/film/me-before-you/,200
9257,tt0257076,S.W.A.T.,2003-08-08,80000000.0,207700000.0,Action|Thriller|Crime,117,en,6.161,2783,6.1,159306.0,45.0,2.76,61292.0,S.W.A.T.,True,True,True,,https://letterboxd.com/film/swat/,200
889737,tt11315808,Joker: Folie à Deux,2024-10-01,190000000.0,207500287.0,Drama|Crime|Thriller,138,en,5.403,3059,5.2,181722.0,45.0,2.34,968536.0,Joker: Folie à Deux,True,True,True,,https://letterboxd.com/film/joker-folie-a-deux/,200
1900,tt0181865,Traffic,2000-12-27,48000000.0,207500000.0,Thriller|Drama|Crime,147,en,7.088,2496,7.5,228102.0,86.0,3.7,108085.0,Traffic,True,True,True,,https://letterboxd.com/film/traffic/,200
9799,tt0232500,The Fast and the Furious,2001-06-22,38000000.0,207283925.0,Action|Crime|Thriller,106,en,7.015,11112,6.8,452738.0,58.0,3.56,1046777.0,The Fast and the Furious,True,True,True,,https://letterboxd.com/film/the-fast-and-the-furious-2001/,200
72571,tt1778304,Paranormal Activity 3,2011-10-19,5000000.0,207039844.0,Horror|Mystery,83,en,5.925,2429,5.8,103694.0,59.0,2.74,148280.0,Paranormal Activity 3,True,True,True,,https://letterboxd.com/film/paranormal-activity-3/,200
9800,tt0107818,Philadelphia,1993-12-22,26000000.0,206678440.0,Drama,126,en,7.704,4753,7.7,272691.0,66.0,3.95,235623.0,Philadelphia,True,True,True,,https://letterboxd.com/film/philadelphia/,200
423108,tt7069210,The Conjuring: The Devil Made Me Do It,2021-05-25,39000000.0,206444123.0,Horror|Mystery|Thriller,111,en,7.338,6697,6.2,168696.0,53.0,2.83,775675.0,The Conjuring: The Devil Made Me Do It,True,True,True,,https://letterboxd.com/film/the-conjuring-the-devil-made-me-do-it/,200
609681,tt10676048,The Marvels,2023-11-08,274800000.0,206136825.0,Science Fiction|Adventure|Action,105,en,5.912,3629,5.5,161921.0,50.0,2.41,587935.0,The Marvels,True,True,True,,https://letterboxd.com/film/the-marvels/,200
2668,tt0162661,Sleepy Hollow,1999-11-19,100000000.0,206071526.0,Fantasy|Thriller|Mystery|Horror,105,en,7.2,7560,7.3,406254.0,65.0,3.59,573177.0,Sleepy Hollow,True,True,True,,https://letterboxd.com/film/sleepy-hollow/,200
267860,tt3300542,London Has Fallen,2016-03-02,60000000.0,205754447.0,Action|Adventure|Thriller,99,en,6.228,5207,5.9,179714.0,28.0,2.67,131591.0,London Has Fallen,True,True,True,,https://letterboxd.com/film/london-has-fallen/,200
9767,tt0452594,The Break-Up,2006-06-01,52000000.0,205700000.0,Romance|Comedy,106,en,5.903,2900,5.8,144473.0,46.0,2.77,193409.0,The Break-Up,True,True,True,,https://letterboxd.com/film/the-break-up/,200
447273,tt6208148,Snow White,2025-03-19,271600000.0,205679463.0,Family|Fantasy,109,en,4.268,1729,2.1,389458.0,50.0,1.73,330705.0,Snow White,True,True,True,,https://letterboxd.com/film/snow-white-2025/,200
495764,tt7713068,Birds of Prey (and the Fantabulous Emancipation of One Harley Quinn),2020-02-05,75000000.0,205537933.0,Action|Crime,109,en,6.867,10984,6.1,282042.0,60.0,3.01,991130.0,Birds of Prey (and the Fantabulous Emancipation of One Harley Quinn),True,True,True,,https://letterboxd.com/film/birds-of-prey-and-the-fantabulous-emancipation-of-one-harley-quinn/,200
820,tt0102138,JFK,1991-12-20,40000000.0,205405498.0,Drama|Thriller|History,189,en,7.591,2490,8.0,180141.0,72.0,4.08,150834.0,JFK,True,True,True,,https://letterboxd.com/film/jfk/,200
117251,tt2334879,White House Down,2013-06-27,150000000.0,205366737.0,Action|Drama|Thriller,131,en,6.467,5221,6.3,247710.0,52.0,2.86,167370.0,White House Down,True,True,True,,https://letterboxd.com/film/white-house-down/,200
1581,tt0457939,The Holiday,2006-12-05,85000000.0,205233866.0,Comedy|Romance,136,en,7.1,5742,7.0,365357.0,52.0,3.63,1062875.0,The Holiday,True,True,True,,https://letterboxd.com/film/the-holiday/,200
513692,tt8165192,Raging Fire,2021-07-28,,205000000.0,Action|Crime|Thriller|Adventure|Mystery,125,cn,7.156,315,6.5,6683.0,72.0,3.37,9275.0,Raging Fire,True,True,True,,https://letterboxd.com/film/raging-fire/,200
381289,tt1753383,A Dog's Purpose,2017-01-19,22000000.0,205000000.0,Adventure|Fantasy|Family|Drama,100,en,7.638,3589,7.3,85891.0,43.0,3.65,188727.0,A Dog's Purpose,True,True,True,,https://letterboxd.com/film/a-dogs-purpose/,200
38167,tt0879870,Eat Pray Love,2010-08-12,60000000.0,204594016.0,Drama|Romance,133,en,6.245,2684,5.9,113158.0,50.0,3.01,238436.0,Eat Pray Love,True,True,True,,https://letterboxd.com/film/eat-pray-love/,200
425909,tt4513678,Ghostbusters: Afterlife,2021-11-18,75000000.0,204445747.0,Fantasy|Comedy|Adventure,124,en,7.305,5322,7.0,240803.0,45.0,3.01,398875.0,Ghostbusters: Afterlife,True,True,True,,https://letterboxd.com/film/ghostbusters-afterlife/,200
481084,tt1620981,The Addams Family,2019-10-10,40000000.0,204394183.0,Family|Animation|Comedy|Fantasy,87,en,6.6,2534,5.8,47899.0,46.0,2.67,159331.0,The Addams Family,True,True,True,,https://letterboxd.com/film/the-addams-family-2019/,200
10661,tt0960144,You Don't Mess with the Zohan,2008-06-05,90000000.0,204313400.0,Comedy|Action,113,en,5.7,4168,5.6,227284.0,54.0,2.57,261613.0,You Don't Mess with the Zohan,True,True,True,,https://letterboxd.com/film/you-dont-mess-with-the-zohan/,200
9477,tt0349683,King Arthur,2004-07-07,120000000.0,203567857.0,Adventure|War|History|Action|Drama,126,en,6.306,3004,6.3,182290.0,46.0,2.87,65861.0,King Arthur,True,True,True,,https://letterboxd.com/film/king-arthur/,200
41515,tt1302067,Yogi Bear,2010-12-17,80000000.0,203509374.0,Comedy|Family|Animation|Adventure,80,en,5.563,961,4.6,24066.0,35.0,2.29,58414.0,Yogi Bear,True,True,True,,https://letterboxd.com/film/yogi-bear/,200
253412,tt2719848,Everest,2015-09-10,55000000.0,203427584.0,Adventure|Drama|History,121,en,6.828,5345,7.1,241475.0,64.0,3.27,201963.0,Everest,True,True,True,,https://letterboxd.com/film/everest-2015/,200
1903,tt0259711,Vanilla Sky,2001-12-14,68000000.0,203388341.0,Mystery|Romance|Science Fiction,136,en,6.831,4833,6.9,306691.0,45.0,3.57,413140.0,Vanilla Sky,True,True,True,,https://letterboxd.com/film/vanilla-sky/,200
329865,tt2543164,Arrival,2016-11-10,47000000.0,203388186.0,Drama|Science Fiction|Mystery,116,en,7.634,19845,7.9,852057.0,81.0,4.14,2715584.0,Arrival,True,True,True,,https://letterboxd.com/film/arrival-2016/,200
1305781,tt32649961,Blades of the Guardians,2026-02-17,123000000.0,203356793.0,Action|Adventure|Drama|Western,126,zh,8.2,227,7.3,1400.0,,3.59,10018.0,Blades of the Guardians,True,True,True,,https://letterboxd.com/film/blades-of-the-guardians/,200
136797,tt2369135,Need for Speed,2014-03-12,66000000.0,203277636.0,Action|Crime|Drama|Thriller,132,en,6.451,4814,6.4,186587.0,39.0,2.74,111287.0,Need for Speed,True,True,True,,https://letterboxd.com/film/need-for-speed/,200
539681,tt8912936,DC League of Super-Pets,2022-07-27,90000000.0,203000000.0,Family|Comedy|Adventure|Animation|Science Fiction|Action,105,en,7.14,1778,6.9,80000.0,56.0,2.83,118081.0,DC League of Super-Pets,True,True,True,,https://letterboxd.com/film/dc-league-of-super-pets/,200
12429,tt0876563,Ponyo,2008-07-19,34000000.0,202404009.0,Animation|Fantasy|Family,100,ja,7.762,4966,7.6,183104.0,86.0,4.13,1460682.0,Ponyo,True,True,True,,https://letterboxd.com/film/ponyo/,200
10312,tt0129290,Patch Adams,1998-12-25,50000000.0,202292902.0,Comedy|Drama,115,en,7.313,3520,6.9,128833.0,26.0,3.52,140729.0,Patch Adams,True,True,True,,https://letterboxd.com/film/patch-adams/,200
893723,tt15837338,PAW Patrol: The Mighty Movie,2023-09-21,30000000.0,202231360.0,Adventure|Animation|Comedy|Family|Science Fiction,88,en,6.927,592,5.9,6292.0,49.0,2.71,17242.0,PAW Patrol: The Mighty Movie,True,True,True,,https://letterboxd.com/film/paw-patrol-the-mighty-movie/,200
7552,tt0369441,Fun with Dick and Jane,2005-12-21,100000000.0,202026112.0,Comedy|Crime,90,en,6.233,2750,6.2,160407.0,47.0,2.94,110407.0,Fun with Dick and Jane,True,True,True,,https://letterboxd.com/film/fun-with-dick-and-jane-1996/,200
967847,tt21235248,Ghostbusters: Frozen Empire,2024-03-20,100000000.0,201967521.0,Fantasy|Adventure|Comedy,115,en,6.436,2286,6.1,105610.0,46.0,2.6,294646.0,Ghostbusters: Frozen Empire,True,True,True,,https://letterboxd.com/film/ghostbusters-frozen-empire/,200
1498,tt0100758,Teenage Mutant Ninja Turtles,1990-03-30,13500000.0,201965915.0,Science Fiction|Action|Adventure|Comedy|Family,93,en,6.708,2019,6.8,111830.0,51.0,3.41,138696.0,Teenage Mutant Ninja Turtles,True,True,True,,https://letterboxd.com/film/teenage-mutant-ninja-turtles/,200
951,tt0099938,Kindergarten Cop,1990-12-21,15000000.0,201957688.0,Comedy,111,en,6.137,2896,6.3,174332.0,61.0,3.19,151302.0,Kindergarten Cop,True,True,True,,https://letterboxd.com/film/kindergarten-cop/,200
277216,tt1398426,Straight Outta Compton,2015-08-11,28000000.0,201634991.0,Drama|Music|History,147,en,7.769,4291,7.8,232617.0,72.0,3.82,385841.0,Straight Outta Compton,True,True,True,,https://letterboxd.com/film/straight-outta-compton/,200
64688,tt1232829,21 Jump Street,2012-03-14,42000000.0,201585328.0,Action|Comedy|Crime,109,en,6.884,11251,7.2,641161.0,69.0,3.64,1472701.0,21 Jump Street,True,True,True,,https://letterboxd.com/film/21-jump-street/,200
